"customer_id","customer_name","gender","age","email","phone","occupation","annual_income","customer_since","customer_status","account_no","account_name","balance","account_status","nominee_registered","opening_date","branch_name","branch_city","branch_state","address_type","city","state","pincode"
1,"Vivek Yadav","M",55,"vivek.yadav1@gmail.com","9729397785","Teacher",2496681.00,"2026-03-22","Active",100100000000,"Savings Account",313070.00,"Active",True,"2020-11-05","SBI Patna Branch 17","Patna","Bihar","Permanent","Hyderabad","Telangana","244025"
2,"Neha Gupta","F",43,"neha.gupta2@outlook.com","9478102097","Lawyer",3561517.00,"2024-10-05","Inactive",100100000001,"NRI Savings Account",471428.00,"Active",True,"2019-01-13","SBI Bhubaneswar Branch 22","Bhubaneswar","Odisha","Permanent","Hyderabad","Telangana","261787"
3,"Amit Kumar","M",41,"amit.kumar3@gmail.com","9069851083","Designer",4301041.00,"2016-10-02","Inactive",100100000002,"Savings Account",252208.00,"Closed",False,"2023-03-13","SBI Kolkata Branch 42","Kolkata","West Bengal","Permanent","Pune","Maharashtra","370456"
4,"Ankit Chauhan","M",24,"ankit.chauhan4@yahoo.com","9388040698","Accountant",3796832.00,"2016-10-09","Active",100100000003,"Fixed Deposit Account",338854.00,"Active",False,"2018-03-14","SBI Pune Branch 11","Pune","Maharashtra","Permanent","Jaipur","Rajasthan","755769"
5,"Amit Reddy","M",59,"amit.reddy5@yahoo.com","9090146252","Doctor",531404.00,"2016-10-23","Active",100100000004,"Salary Account",480949.00,"Active",True,"2024-07-05","SBI Bhopal Branch 39","Bhopal","Madhya Pradesh","Permanent","Chennai","Tamil Nadu","235760"
6,"Meena Singh","F",29,"meena.singh6@yahoo.com","9626323171","Doctor",1253368.00,"2022-11-24","Active",100100000005,"Savings Account",455458.00,"Dormant",True,"2021-01-24","SBI Nagpur Branch 34","Nagpur","Maharashtra","Permanent","Bengaluru","Karnataka","690454"
7,"Neha Gupta","F",64,"neha.gupta7@yahoo.com","9983163025","Student",3170816.00,"2015-07-16","Active",100100000006,"Savings Account",410178.00,"Active",True,"2021-03-22","SBI Surat Branch 3","Surat","Gujarat","Permanent","Bengaluru","Karnataka","172406"
8,"Neha Gupta","F",25,"neha.gupta8@gmail.com","9926581725","Lawyer",876038.00,"2015-11-25","Active",100100000007,"Senior Citizen Savings Account",397228.00,"Active",False,"2020-01-23","SBI Delhi Branch 14","Delhi","Delhi","Permanent","Hyderabad","Telangana","552915"
9,"Rohit Chauhan","M",60,"rohit.chauhan9@gmail.com","9873912596","Farmer",3018112.00,"2022-03-18","Active",100100000008,"Savings Account",94929.00,"Active",True,"2022-12-16","SBI Surat Branch 4","Surat","Gujarat","Permanent","Bengaluru","Karnataka","652695"
10,"Divya Patel","F",26,"divya.patel10@outlook.com","9756837281","Student",3341306.00,"2026-09-28","Active",100100000009,"NRI Savings Account",165239.00,"Active",False,"2022-04-26","SBI Nagpur Branch 34","Nagpur","Maharashtra","Permanent","Chennai","Tamil Nadu","308509"
11,"Komal Pandey","F",62,"komal.pandey11@gmail.com","9579236076","Data Analyst",4880912.00,"2025-02-07","Active",100100000010,"Savings Account",468660.00,"Active",True,"2023-11-11","SBI Surat Branch 29","Surat","Gujarat","Permanent","Chennai","Tamil Nadu","477151"
12,"Vivek Mishra","M",54,"vivek.mishra12@gmail.com","9132708125","Student",3952860.00,"2019-10-08","Blocked",100100000011,"Student Account",450876.00,"Dormant",True,"2024-11-11","SBI Gurugram Branch 36","Gurugram","Haryana","Permanent","Hyderabad","Telangana","443161"
13,"Nitin Yadav","M",53,"nitin.yadav13@yahoo.com","9271810778","Farmer",4020402.00,"2015-08-24","Active",100100000012,"Recurring Deposit Account",448082.00,"Dormant",True,"2026-05-12","SBI Bengaluru Branch 16","Bengaluru","Karnataka","Permanent","Mumbai","Maharashtra","635396"
14,"Sneha Nair","F",56,"sneha.nair14@outlook.com","9352520867","Teacher",3207572.00,"2026-01-02","Active",100100000013,"Fixed Deposit Account",570328.00,"Closed",True,"2018-04-12","SBI Nagpur Branch 34","Nagpur","Maharashtra","Permanent","Bengaluru","Karnataka","762971"
15,"Riya Yadav","F",23,"riya.yadav15@outlook.com","9255751284","Lawyer",2628153.00,"2026-05-15","Inactive",100100000014,"Salary Account",72557.00,"Active",True,"2025-02-12","SBI Surat Branch 44","Surat","Gujarat","Permanent","Delhi","Delhi","657221"
16,"Amit Verma","M",46,"amit.verma16@yahoo.com","9747955197","Nurse",4343910.00,"2023-07-20","Active",100100000015,"Recurring Deposit Account",184772.00,"Active",False,"2017-09-19","SBI Noida Branch 32","Noida","Uttar Pradesh","Permanent","Mumbai","Maharashtra","767143"
17,"Komal Patel","F",32,"komal.patel17@outlook.com","9718075219","Teacher",900561.00,"2015-02-18","Active",100100000016,"Student Account",177022.00,"Active",False,"2016-03-22","SBI Chennai Branch 40","Chennai","Tamil Nadu","Permanent","Hyderabad","Telangana","139318"
18,"Vivek Verma","M",62,"vivek.verma18@outlook.com","9994025519","Farmer",2019662.00,"2024-05-04","Blocked",100100000017,"NRI Savings Account",408409.00,"Active",True,"2016-02-26","SBI Bengaluru Branch 38","Bengaluru","Karnataka","Permanent","Pune","Maharashtra","280350"
19,"Vikas Yadav","M",59,"vikas.yadav19@gmail.com","9588767408","Sales Executive",4268450.00,"2017-09-15","Active",100100000018,"Savings Account",402304.00,"Active",True,"2016-07-03","SBI Bhubaneswar Branch 22","Bhubaneswar","Odisha","Permanent","Jaipur","Rajasthan","788032"
20,"Karan Sinha","M",50,"karan.sinha20@outlook.com","9383319266","Civil Engineer",3660402.00,"2024-05-14","Inactive",100100000019,"NRI Savings Account",186264.00,"Active",True,"2017-06-23","SBI Kolkata Branch 42","Kolkata","West Bengal","Permanent","Mumbai","Maharashtra","493025"
21,"Anjali Yadav","F",55,"anjali.yadav21@outlook.com","9407941226","Nurse",1570907.00,"2026-04-09","Inactive",100100000020,"Student Account",352535.00,"Active",True,"2018-09-09","SBI Lucknow Branch 19","Lucknow","Uttar Pradesh","Permanent","Chennai","Tamil Nadu","323595"
22,"Asha Pandey","F",55,"asha.pandey22@yahoo.com","9500586265","Designer",2921916.00,"2025-01-28","Active",100100000021,"Student Account",315603.00,"Active",True,"2018-01-17","SBI Gurugram Branch 33","Gurugram","Haryana","Permanent","Mumbai","Maharashtra","142608"
23,"Asha Agarwal","F",46,"asha.agarwal23@outlook.com","9962305585","Student",1487738.00,"2019-01-21","Active",100100000022,"Student Account",82143.00,"Active",True,"2025-03-12","SBI Bengaluru Branch 38","Bengaluru","Karnataka","Permanent","Lucknow","Uttar Pradesh","314187"
24,"Riya Patel","F",50,"riya.patel24@gmail.com","9474250586","Lawyer",3222143.00,"2015-08-11","Blocked",100100000023,"NRI Savings Account",19928.00,"Frozen",True,"2020-07-23","SBI Nagpur Branch 34","Nagpur","Maharashtra","Permanent","Jaipur","Rajasthan","346209"
25,"Riya Reddy","F",58,"riya.reddy25@yahoo.com","9190237037","Electrician",2307816.00,"2023-06-13","Active",100100000024,"Savings Account",215130.00,"Active",False,"2022-11-01","SBI Gurugram Branch 33","Gurugram","Haryana","Permanent","Chennai","Tamil Nadu","534149"
26,"Rahul Patel","M",45,"rahul.patel26@outlook.com","9067288038","Bank Manager",1864059.00,"2015-03-01","Inactive",100100000025,"Savings Account",13808.00,"Frozen",True,"2021-04-07","SBI Chennai Branch 21","Chennai","Tamil Nadu","Permanent","Pune","Maharashtra","462849"
27,"Sakshi Sinha","F",30,"sakshi.sinha27@gmail.com","9208898641","Civil Engineer",2387411.00,"2021-07-08","Inactive",100100000026,"Student Account",420986.00,"Frozen",False,"2022-01-03","SBI Bhopal Branch 37","Bhopal","Madhya Pradesh","Permanent","Chennai","Tamil Nadu","302935"
28,"Nitin Reddy","M",43,"nitin.reddy28@outlook.com","9302556231","Data Analyst",3743844.00,"2018-11-18","Active",100100000027,"Savings Account",485635.00,"Active",False,"2024-02-09","SBI Gurugram Branch 45","Gurugram","Haryana","Permanent","Chennai","Tamil Nadu","515135"
29,"Mohit Yadav","M",49,"mohit.yadav29@outlook.com","9550051261","Teacher",1449963.00,"2022-01-24","Active",100100000028,"Student Account",372934.00,"Dormant",True,"2016-01-05","SBI Bhopal Branch 39","Bhopal","Madhya Pradesh","Permanent","Bengaluru","Karnataka","149104"
30,"Vikas Gupta","M",52,"vikas.gupta30@outlook.com","9784902036","Civil Engineer",3497467.00,"2024-12-18","Active",100100000029,"Savings Account",38343.00,"Active",False,"2025-04-01","SBI Bhopal Branch 39","Bhopal","Madhya Pradesh","Permanent","Lucknow","Uttar Pradesh","241617"
31,"Suresh Verma","M",62,"suresh.verma31@outlook.com","9480633802","Teacher",4823351.00,"2015-12-22","Active",100100000030,"Recurring Deposit Account",260431.00,"Active",True,"2020-12-20","SBI Patna Branch 9","Patna","Bihar","Permanent","Chennai","Tamil Nadu","413114"
32,"Ankit Reddy","M",24,"ankit.reddy32@yahoo.com","9393095449","Software Engineer",3403958.00,"2020-10-26","Active",100100000031,"Recurring Deposit Account",50453.00,"Active",False,"2025-08-06","SBI Bengaluru Branch 7","Bengaluru","Karnataka","Permanent","Hyderabad","Telangana","135584"
33,"Deepak Jain","M",50,"deepak.jain33@gmail.com","9653226624","Bank Manager",2976527.00,"2025-06-27","Active",100100000032,"Student Account",472568.00,"Active",True,"2020-01-22","SBI Lucknow Branch 19","Lucknow","Uttar Pradesh","Permanent","Lucknow","Uttar Pradesh","403909"
34,"Rahul Sharma","M",61,"rahul.sharma34@outlook.com","9740036295","Teacher",3440150.00,"2019-09-25","Active",100100000033,"NRI Savings Account",447165.00,"Active",True,"2019-12-01","SBI Bhopal Branch 39","Bhopal","Madhya Pradesh","Permanent","Lucknow","Uttar Pradesh","252581"
35,"Ankit Gupta","M",28,"ankit.gupta35@gmail.com","9406925565","Lawyer",1246879.00,"2026-03-25","Active",100100000034,"Savings Account",50209.00,"Active",False,"2026-07-03","SBI Bengaluru Branch 7","Bengaluru","Karnataka","Permanent","Lucknow","Uttar Pradesh","741070"
36,"Sakshi Agarwal","F",23,"sakshi.agarwal36@yahoo.com","9985310305","Farmer",383502.00,"2016-08-20","Active",100100000035,"Savings Account",152359.00,"Active",False,"2019-09-17","SBI Chennai Branch 40","Chennai","Tamil Nadu","Permanent","Pune","Maharashtra","709057"
37,"Neha Pandey","F",56,"neha.pandey37@yahoo.com","9057742210","Data Analyst",3951793.00,"2024-06-20","Active",100100000036,"Student Account",239773.00,"Frozen",True,"2019-08-20","SBI Bengaluru Branch 50","Bengaluru","Karnataka","Permanent","Hyderabad","Telangana","406667"
38,"Neha Patel","F",30,"neha.patel38@gmail.com","9308018754","Student",1508939.00,"2023-07-28","Active",100100000037,"Student Account",307847.00,"Frozen",True,"2023-01-06","SBI Bengaluru Branch 7","Bengaluru","Karnataka","Permanent","Lucknow","Uttar Pradesh","540292"
39,"Riya Reddy","F",41,"riya.reddy39@yahoo.com","9086711257","Data Analyst",338211.00,"2016-03-23","Active",100100000038,"Senior Citizen Savings Account",355901.00,"Active",True,"2018-06-08","SBI Chandigarh Branch 5","Chandigarh","Chandigarh","Permanent","Hyderabad","Telangana","499150"
40,"Sneha Nair","F",53,"sneha.nair40@outlook.com","9668995170","Software Engineer",3769781.00,"2019-03-26","Active",100100000039,"Salary Account",304954.00,"Active",False,"2017-12-08","SBI Pune Branch 11","Pune","Maharashtra","Permanent","Chennai","Tamil Nadu","630147"
41,"Vivek Patel","M",42,"vivek.patel41@yahoo.com","9225486079","Civil Engineer",759215.00,"2025-05-14","Inactive",100100000040,"Recurring Deposit Account",226397.00,"Active",True,"2017-05-02","SBI Ahmedabad Branch 24","Ahmedabad","Gujarat","Permanent","Hyderabad","Telangana","133926"
42,"Pooja Gupta","F",44,"pooja.gupta42@gmail.com","9500338031","Bank Manager",3952366.00,"2026-08-14","Active",100100000041,"Current Account",160467.00,"Active",False,"2026-07-20","SBI Gurugram Branch 45","Gurugram","Haryana","Permanent","Delhi","Delhi","662938"
43,"Shreya Singh","F",43,"shreya.singh43@gmail.com","9322357262","Civil Engineer",2688478.00,"2025-05-28","Active",100100000042,"Savings Account",23683.00,"Active",True,"2020-02-18","SBI Patna Branch 26","Patna","Bihar","Permanent","Hyderabad","Telangana","781084"
44,"Meena Reddy","F",49,"meena.reddy44@yahoo.com","9580219511","Doctor",2790800.00,"2023-06-04","Blocked",100100000043,"Senior Citizen Savings Account",252793.00,"Dormant",False,"2022-06-15","SBI Gurugram Branch 49","Gurugram","Haryana","Permanent","Chennai","Tamil Nadu","302109"
45,"Vikas Patel","M",41,"vikas.patel45@gmail.com","9955849903","Data Analyst",4296992.00,"2019-07-02","Blocked",100100000044,"Fixed Deposit Account",524573.00,"Active",False,"2022-02-28","SBI Noida Branch 47","Noida","Uttar Pradesh","Permanent","Bengaluru","Karnataka","705803"
46,"Priya Mishra","F",42,"priya.mishra46@yahoo.com","9114746978","Bank Manager",1064480.00,"2026-03-20","Inactive",100100000045,"Current Account",1261709.00,"Active",True,"2021-12-20","SBI Bengaluru Branch 7","Bengaluru","Karnataka","Permanent","Jaipur","Rajasthan","445293"
47,"Priya Sharma","F",55,"priya.sharma47@gmail.com","9755475251","Lawyer",249095.00,"2021-02-17","Active",100100000046,"Savings Account",216404.00,"Active",True,"2021-06-09","SBI Indore Branch 27","Indore","Madhya Pradesh","Permanent","Chennai","Tamil Nadu","709447"
48,"Divya Yadav","F",49,"divya.yadav48@outlook.com","9996158114","Accountant",3610879.00,"2017-11-05","Active",100100000047,"Savings Account",247977.00,"Active",True,"2017-09-18","SBI Patna Branch 17","Patna","Bihar","Permanent","Jaipur","Rajasthan","439259"
49,"Amit Sinha","M",28,"amit.sinha49@outlook.com","9285464577","Teacher",452252.00,"2026-10-25","Inactive",100100000048,"Senior Citizen Savings Account",224757.00,"Active",False,"2021-03-18","SBI Bhopal Branch 39","Bhopal","Madhya Pradesh","Permanent","Pune","Maharashtra","448744"
50,"Suresh Chauhan","M",26,"suresh.chauhan50@outlook.com","9729853117","Student",2222172.00,"2022-04-14","Active",100100000049,"Current Account",932511.00,"Dormant",True,"2026-08-27","SBI Bhubaneswar Branch 22","Bhubaneswar","Odisha","Permanent","Hyderabad","Telangana","659378"
51,"Rohit Yadav","M",67,"rohit.yadav51@outlook.com","9418289281","Sales Executive",1935864.00,"2024-02-11","Blocked",100100000050,"Savings Account",355796.00,"Active",True,"2024-06-21","SBI Chennai Branch 21","Chennai","Tamil Nadu","Permanent","Lucknow","Uttar Pradesh","394372"
52,"Harsh Mishra","M",43,"harsh.mishra52@yahoo.com","9956978619","Farmer",2720750.00,"2017-11-09","Active",100100000051,"Savings Account",353691.00,"Active",True,"2021-01-14","SBI Gurugram Branch 49","Gurugram","Haryana","Permanent","Chennai","Tamil Nadu","510145"
53,"Arjun Jain","M",42,"arjun.jain53@yahoo.com","9281399471","Accountant",236989.00,"2020-01-21","Active",100100000052,"Student Account",318880.00,"Closed",True,"2024-04-27","SBI Delhi Branch 13","Delhi","Delhi","Permanent","Chennai","Tamil Nadu","483559"
54,"Meena Singh","F",46,"meena.singh54@gmail.com","9993317934","Data Analyst",4729343.00,"2022-01-06","Active",100100000053,"Senior Citizen Savings Account",128187.00,"Active",True,"2016-07-16","SBI Pune Branch 11","Pune","Maharashtra","Permanent","Lucknow","Uttar Pradesh","210326"
55,"Vikas Kumar","M",21,"vikas.kumar55@gmail.com","9936375048","Accountant",2323124.00,"2015-08-22","Active",100100000054,"Fixed Deposit Account",570071.00,"Active",True,"2016-02-24","SBI Gurugram Branch 45","Gurugram","Haryana","Permanent","Chennai","Tamil Nadu","756683"
56,"Vikas Reddy","M",58,"vikas.reddy56@gmail.com","9149298689","Bank Manager",2178772.00,"2026-11-02","Active",100100000055,"Senior Citizen Savings Account",394485.00,"Active",True,"2019-07-01","SBI Surat Branch 3","Surat","Gujarat","Permanent","Lucknow","Uttar Pradesh","244250"
57,"Divya Chauhan","F",61,"divya.chauhan57@yahoo.com","9343768932","Accountant",3450274.00,"2018-02-04","Blocked",100100000056,"Savings Account",287014.00,"Active",False,"2017-10-02","SBI Bengaluru Branch 50","Bengaluru","Karnataka","Permanent","Mumbai","Maharashtra","562818"
58,"Kavita Sharma","F",37,"kavita.sharma58@yahoo.com","9181950367","Business Owner",4233344.00,"2019-05-13","Inactive",100100000057,"Fixed Deposit Account",982827.00,"Active",True,"2025-11-20","SBI Kochi Branch 46","Kochi","Kerala","Permanent","Bengaluru","Karnataka","144640"
59,"Nitin Nair","M",60,"nitin.nair59@yahoo.com","9433621052","Sales Executive",1132225.00,"2023-11-21","Active",100100000058,"Recurring Deposit Account",392616.00,"Active",True,"2024-04-13","SBI Surat Branch 6","Surat","Gujarat","Permanent","Pune","Maharashtra","734097"
60,"Rahul Sinha","M",26,"rahul.sinha60@gmail.com","9670261130","Doctor",4716908.00,"2024-03-23","Blocked",100100000059,"Savings Account",309105.00,"Active",True,"2018-09-25","SBI Pune Branch 11","Pune","Maharashtra","Permanent","Mumbai","Maharashtra","566399"
61,"Sakshi Pandey","F",67,"sakshi.pandey61@yahoo.com","9823625264","Designer",1955300.00,"2026-02-15","Active",100100000060,"Savings Account",21112.00,"Active",True,"2026-09-25","SBI Kolkata Branch 42","Kolkata","West Bengal","Permanent","Delhi","Delhi","338831"
62,"Ritu Yadav","F",47,"ritu.yadav62@yahoo.com","9814931545","Data Analyst",3741950.00,"2016-12-11","Active",100100000061,"Recurring Deposit Account",142125.00,"Active",True,"2022-12-14","SBI Noida Branch 2","Noida","Uttar Pradesh","Permanent","Mumbai","Maharashtra","296162"
63,"Rajesh Kumar","M",36,"rajesh.kumar63@yahoo.com","9497696943","Doctor",3726573.00,"2018-04-23","Active",100100000062,"Recurring Deposit Account",164706.00,"Active",True,"2026-11-13","SBI Pune Branch 8","Pune","Maharashtra","Permanent","Hyderabad","Telangana","772160"
64,"Riya Singh","F",26,"riya.singh64@gmail.com","9615414878","Nurse",320383.00,"2024-01-13","Blocked",100100000063,"Fixed Deposit Account",362706.00,"Active",True,"2018-11-11","SBI Patna Branch 17","Patna","Bihar","Permanent","Delhi","Delhi","693210"
65,"Amit Sharma","M",51,"amit.sharma65@outlook.com","9648865034","Accountant",504485.00,"2015-02-06","Active",100100000064,"Recurring Deposit Account",153984.00,"Closed",True,"2024-04-16","SBI Gurugram Branch 45","Gurugram","Haryana","Permanent","Mumbai","Maharashtra","562630"
66,"Harsh Sinha","M",48,"harsh.sinha66@outlook.com","9374436564","Software Engineer",1699055.00,"2015-05-14","Active",100100000065,"Recurring Deposit Account",205063.00,"Active",True,"2020-09-15","SBI Bhubaneswar Branch 22","Bhubaneswar","Odisha","Permanent","Chennai","Tamil Nadu","289691"
67,"Pooja Kumar","F",34,"pooja.kumar67@yahoo.com","9231592927","Electrician",2824523.00,"2015-04-01","Active",100100000066,"NRI Savings Account",353515.00,"Active",True,"2024-10-09","SBI Chandigarh Branch 5","Chandigarh","Chandigarh","Permanent","Lucknow","Uttar Pradesh","330610"
68,"Vikas Patel","M",68,"vikas.patel68@gmail.com","9597542144","Teacher",995954.00,"2022-02-18","Active",100100000067,"Current Account",1211771.00,"Closed",True,"2020-02-27","SBI Nagpur Branch 31","Nagpur","Maharashtra","Permanent","Delhi","Delhi","593407"
69,"Ritu Pandey","F",38,"ritu.pandey69@yahoo.com","9244132827","Teacher",3147316.00,"2024-12-18","Active",100100000068,"NRI Savings Account",202631.00,"Active",True,"2018-05-01","SBI Surat Branch 30","Surat","Gujarat","Permanent","Bengaluru","Karnataka","352511"
70,"Asha Reddy","F",55,"asha.reddy70@yahoo.com","9510287920","Nurse",1717299.00,"2018-08-01","Active",100100000069,"Salary Account",187853.00,"Active",True,"2021-03-12","SBI Pune Branch 43","Pune","Maharashtra","Permanent","Bengaluru","Karnataka","512545"
71,"Sakshi Reddy","F",23,"sakshi.reddy71@outlook.com","9449063696","Business Owner",859611.00,"2017-01-15","Inactive",100100000070,"Fixed Deposit Account",262059.00,"Dormant",True,"2022-09-25","SBI Pune Branch 43","Pune","Maharashtra","Permanent","Lucknow","Uttar Pradesh","198320"
72,"Anjali Singh","F",25,"anjali.singh72@yahoo.com","9928588805","Civil Engineer",1532717.00,"2024-11-26","Active",100100000071,"Savings Account",150136.00,"Active",True,"2017-07-08","SBI Pune Branch 8","Pune","Maharashtra","Permanent","Mumbai","Maharashtra","508750"
73,"Karan Yadav","M",25,"karan.yadav73@outlook.com","9376607878","Lawyer",2872972.00,"2016-09-11","Active",100100000072,"Current Account",1843851.00,"Active",True,"2019-12-13","SBI Lucknow Branch 19","Lucknow","Uttar Pradesh","Permanent","Hyderabad","Telangana","322905"
74,"Rahul Kumar","M",50,"rahul.kumar74@outlook.com","9144906758","Student",2107906.00,"2016-12-27","Blocked",100100000073,"Current Account",1994609.00,"Active",True,"2017-11-27","SBI Bengaluru Branch 16","Bengaluru","Karnataka","Permanent","Jaipur","Rajasthan","160386"
75,"Neha Chauhan","F",60,"neha.chauhan75@yahoo.com","9629375372","Designer",252750.00,"2018-09-08","Active",100100000074,"Salary Account",51796.00,"Frozen",False,"2016-01-09","SBI Chennai Branch 40","Chennai","Tamil Nadu","Permanent","Bengaluru","Karnataka","463011"
76,"Harsh Kumar","M",60,"harsh.kumar76@yahoo.com","9679813068","Business Owner",3557714.00,"2026-05-03","Active",100100000075,"Savings Account",194853.00,"Active",False,"2017-10-03","SBI Delhi Branch 13","Delhi","Delhi","Permanent","Jaipur","Rajasthan","369838"
77,"Anjali Mishra","F",30,"anjali.mishra77@outlook.com","9425307851","Bank Manager",4989030.00,"2024-06-05","Active",100100000076,"Savings Account",333026.00,"Active",True,"2017-10-17","SBI Gurugram Branch 33","Gurugram","Haryana","Permanent","Mumbai","Maharashtra","441611"
78,"Sneha Verma","F",64,"sneha.verma78@gmail.com","9526218157","Teacher",1763946.00,"2024-08-23","Active",100100000077,"Savings Account",103562.00,"Active",True,"2022-09-10","SBI Bengaluru Branch 7","Bengaluru","Karnataka","Permanent","Mumbai","Maharashtra","340058"
79,"Vikas Agarwal","M",23,"vikas.agarwal79@gmail.com","9499791722","Student",4587831.00,"2015-09-08","Active",100100000078,"Student Account",215659.00,"Active",False,"2022-12-14","SBI Surat Branch 4","Surat","Gujarat","Permanent","Chennai","Tamil Nadu","492494"
80,"Arjun Patel","M",35,"arjun.patel80@outlook.com","9609545664","Bank Manager",446998.00,"2025-12-15","Active",100100000079,"Recurring Deposit Account",104353.00,"Active",True,"2025-05-14","SBI Bhopal Branch 23","Bhopal","Madhya Pradesh","Permanent","Bengaluru","Karnataka","595310"
81,"Karan Reddy","M",31,"karan.reddy81@gmail.com","9815412080","Bank Manager",1246585.00,"2026-04-11","Inactive",100100000080,"Recurring Deposit Account",403267.00,"Active",False,"2024-08-24","SBI Lucknow Branch 19","Lucknow","Uttar Pradesh","Permanent","Chennai","Tamil Nadu","172702"
82,"Meena Gupta","F",50,"meena.gupta82@yahoo.com","9159731757","Bank Manager",3308474.00,"2022-07-11","Active",100100000081,"Student Account",434865.00,"Active",True,"2025-08-11","SBI Noida Branch 28","Noida","Uttar Pradesh","Permanent","Jaipur","Rajasthan","730399"
83,"Nitin Verma","M",40,"nitin.verma83@yahoo.com","9749269427","Student",1664680.00,"2019-07-16","Active",100100000082,"Savings Account",493009.00,"Active",True,"2017-11-27","SBI Surat Branch 44","Surat","Gujarat","Permanent","Pune","Maharashtra","765258"
84,"Karan Patel","M",20,"karan.patel84@outlook.com","9608513445","Teacher",4572503.00,"2025-12-21","Inactive",100100000083,"Savings Account",39377.00,"Active",False,"2019-01-22","SBI Bhopal Branch 35","Bhopal","Madhya Pradesh","Permanent","Pune","Maharashtra","593733"
85,"Kavita Nair","F",59,"kavita.nair85@outlook.com","9341407778","Lawyer",1445665.00,"2015-10-18","Active",100100000084,"Current Account",1650695.00,"Active",False,"2026-12-23","SBI Bhubaneswar Branch 25","Bhubaneswar","Odisha","Permanent","Bengaluru","Karnataka","330599"
86,"Komal Verma","F",54,"komal.verma86@outlook.com","9354788781","Lawyer",3590137.00,"2015-01-10","Active",100100000085,"Savings Account",90522.00,"Active",True,"2022-01-26","SBI Noida Branch 18","Noida","Uttar Pradesh","Permanent","Pune","Maharashtra","522115"
87,"Rajesh Agarwal","M",55,"rajesh.agarwal87@outlook.com","9846252604","Lawyer",1082534.00,"2023-07-22","Inactive",100100000086,"Savings Account",270766.00,"Dormant",True,"2020-11-15","SBI Chennai Branch 40","Chennai","Tamil Nadu","Permanent","Mumbai","Maharashtra","477002"
88,"Arjun Kumar","M",28,"arjun.kumar88@outlook.com","9122777287","Data Analyst",680881.00,"2026-04-13","Active",100100000087,"Senior Citizen Savings Account",20686.00,"Closed",False,"2016-08-25","SBI Gurugram Branch 49","Gurugram","Haryana","Permanent","Delhi","Delhi","120837"
89,"Rahul Kumar","M",58,"rahul.kumar89@yahoo.com","9803369709","Civil Engineer",2823627.00,"2018-12-17","Active",100100000088,"Savings Account",157821.00,"Active",True,"2023-12-07","SBI Pune Branch 1","Pune","Maharashtra","Permanent","Pune","Maharashtra","633700"
90,"Sakshi Jain","F",68,"sakshi.jain90@outlook.com","9541253787","Designer",3503173.00,"2016-11-02","Inactive",100100000089,"Current Account",1242101.00,"Frozen",True,"2020-01-03","SBI Surat Branch 44","Surat","Gujarat","Permanent","Bengaluru","Karnataka","796972"
91,"Amit Chauhan","M",46,"amit.chauhan91@gmail.com","9697768907","Electrician",1243929.00,"2023-12-26","Active",100100000090,"Salary Account",233252.00,"Active",True,"2023-12-09","SBI Nagpur Branch 31","Nagpur","Maharashtra","Permanent","Bengaluru","Karnataka","302422"
92,"Ritu Chauhan","F",32,"ritu.chauhan92@yahoo.com","9619515829","Lawyer",839528.00,"2021-01-05","Active",100100000091,"Fixed Deposit Account",212636.00,"Active",True,"2021-10-26","SBI Pune Branch 43","Pune","Maharashtra","Permanent","Chennai","Tamil Nadu","307828"
93,"Arjun Sinha","M",49,"arjun.sinha93@outlook.com","9129605726","Lawyer",1116942.00,"2022-04-11","Active",100100000092,"Current Account",154969.00,"Active",True,"2026-11-02","SBI Bengaluru Branch 38","Bengaluru","Karnataka","Permanent","Chennai","Tamil Nadu","432218"
94,"Shreya Mishra","F",27,"shreya.mishra94@yahoo.com","9212943801","Sales Executive",2268606.00,"2017-12-07","Inactive",100100000093,"Savings Account",101667.00,"Dormant",True,"2016-12-10","SBI Hyderabad Branch 41","Hyderabad","Telangana","Permanent","Pune","Maharashtra","775294"
95,"Rahul Kumar","M",28,"rahul.kumar95@yahoo.com","9884414177","Doctor",3564903.00,"2023-09-26","Active",100100000094,"Savings Account",464290.00,"Active",True,"2026-04-12","SBI Bhubaneswar Branch 25","Bhubaneswar","Odisha","Permanent","Jaipur","Rajasthan","580824"
96,"Manish Yadav","M",63,"manish.yadav96@yahoo.com","9564605502","Nurse",2183602.00,"2023-10-13","Active",100100000095,"Student Account",232252.00,"Active",False,"2020-06-02","SBI Bengaluru Branch 7","Bengaluru","Karnataka","Permanent","Hyderabad","Telangana","249105"
97,"Riya Kumar","F",41,"riya.kumar97@outlook.com","9219626596","Business Owner",4042179.00,"2025-05-26","Inactive",100100000096,"Fixed Deposit Account",93833.00,"Active",True,"2026-06-27","SBI Indore Branch 20","Indore","Madhya Pradesh","Permanent","Pune","Maharashtra","248609"
98,"Suresh Sharma","M",38,"suresh.sharma98@outlook.com","9446517120","Designer",1104325.00,"2020-10-15","Blocked",100100000097,"Fixed Deposit Account",699025.00,"Active",True,"2024-11-26","SBI Kolkata Branch 42","Kolkata","West Bengal","Permanent","Lucknow","Uttar Pradesh","766718"
99,"Komal Jain","F",22,"komal.jain99@gmail.com","9170815047","Student",4020206.00,"2018-11-28","Active",100100000098,"Savings Account",84076.00,"Active",True,"2024-01-12","SBI Noida Branch 32","Noida","Uttar Pradesh","Permanent","Delhi","Delhi","618132"
100,"Pooja Mishra","F",67,"pooja.mishra100@gmail.com","9764641963","Civil Engineer",2635496.00,"2018-11-14","Inactive",100100000099,"Savings Account",405981.00,"Active",True,"2017-02-22","SBI Noida Branch 28","Noida","Uttar Pradesh","Permanent","Hyderabad","Telangana","594850"
101,"Rohit Yadav","M",32,"rohit.yadav101@outlook.com","9050520377","Student",821560.00,"2023-10-20","Inactive",100100000100,"Senior Citizen Savings Account",351721.00,"Closed",False,"2021-04-08","SBI Bengaluru Branch 38","Bengaluru","Karnataka","Permanent","Mumbai","Maharashtra","120775"
102,"Asha Sinha","F",29,"asha.sinha102@outlook.com","9886329513","Lawyer",4965933.00,"2023-05-11","Blocked",100100000101,"Student Account",100103.00,"Dormant",False,"2019-08-18","SBI Bengaluru Branch 50","Bengaluru","Karnataka","Permanent","Hyderabad","Telangana","154882"
103,"Vikas Nair","M",33,"vikas.nair103@yahoo.com","9870531930","Designer",4727965.00,"2020-11-09","Blocked",100100000102,"Senior Citizen Savings Account",180603.00,"Active",True,"2026-04-07","SBI Gurugram Branch 36","Gurugram","Haryana","Permanent","Chennai","Tamil Nadu","337499"
104,"Harsh Pandey","M",31,"harsh.pandey104@gmail.com","9673607226","Accountant",1068410.00,"2017-05-07","Active",100100000103,"Student Account",231213.00,"Dormant",False,"2016-07-21","SBI Bhopal Branch 35","Bhopal","Madhya Pradesh","Permanent","Mumbai","Maharashtra","718176"
105,"Mohit Agarwal","M",22,"mohit.agarwal105@outlook.com","9283320752","Doctor",1406676.00,"2020-02-20","Active",100100000104,"Savings Account",71465.00,"Active",True,"2023-12-13","SBI Kolkata Branch 42","Kolkata","West Bengal","Permanent","Chennai","Tamil Nadu","443288"
106,"Arjun Nair","M",62,"arjun.nair106@gmail.com","9662104177","Software Engineer",3530031.00,"2025-01-26","Inactive",100100000105,"Fixed Deposit Account",565427.00,"Active",True,"2016-06-03","SBI Gurugram Branch 33","Gurugram","Haryana","Permanent","Mumbai","Maharashtra","173447"
107,"Nitin Chauhan","M",24,"nitin.chauhan107@outlook.com","9806350368","Doctor",3381577.00,"2020-08-15","Active",100100000106,"Current Account",158458.00,"Active",True,"2017-06-09","SBI Lucknow Branch 12","Lucknow","Uttar Pradesh","Permanent","Delhi","Delhi","252081"
108,"Sakshi Chauhan","F",49,"sakshi.chauhan108@gmail.com","9832963100","Doctor",2737117.00,"2023-07-12","Blocked",100100000107,"NRI Savings Account",2261.00,"Active",True,"2020-09-15","SBI Delhi Branch 14","Delhi","Delhi","Permanent","Hyderabad","Telangana","235912"
109,"Kavita Jain","F",62,"kavita.jain109@yahoo.com","9579441287","Designer",2041578.00,"2016-12-16","Active",100100000108,"Recurring Deposit Account",305607.00,"Active",True,"2017-01-04","SBI Ahmedabad Branch 24","Ahmedabad","Gujarat","Permanent","Pune","Maharashtra","626199"
110,"Rajesh Gupta","M",65,"rajesh.gupta110@outlook.com","9243750854","Software Engineer",4236483.00,"2022-02-03","Inactive",100100000109,"Student Account",316057.00,"Active",True,"2016-10-18","SBI Pune Branch 43","Pune","Maharashtra","Permanent","Jaipur","Rajasthan","139495"
111,"Shreya Singh","F",21,"shreya.singh111@yahoo.com","9266658013","Bank Manager",4897785.00,"2016-05-21","Inactive",100100000110,"Recurring Deposit Account",103339.00,"Active",True,"2017-03-26","SBI Noida Branch 2","Noida","Uttar Pradesh","Permanent","Hyderabad","Telangana","412414"
112,"Mohit Mishra","M",50,"mohit.mishra112@gmail.com","9133915090","Software Engineer",558554.00,"2021-04-03","Inactive",100100000111,"Salary Account",27558.00,"Active",True,"2025-10-27","SBI Surat Branch 30","Surat","Gujarat","Permanent","Jaipur","Rajasthan","355689"
113,"Manish Yadav","M",24,"manish.yadav113@outlook.com","9707053798","Bank Manager",4686497.00,"2018-12-01","Active",100100000112,"Senior Citizen Savings Account",256897.00,"Frozen",False,"2022-05-25","SBI Surat Branch 4","Surat","Gujarat","Permanent","Jaipur","Rajasthan","463485"
114,"Harsh Reddy","M",34,"harsh.reddy114@yahoo.com","9986226193","Doctor",4847775.00,"2018-05-22","Active",100100000113,"Fixed Deposit Account",846595.00,"Active",False,"2026-02-19","SBI Surat Branch 3","Surat","Gujarat","Permanent","Bengaluru","Karnataka","745182"
115,"Nidhi Agarwal","F",42,"nidhi.agarwal115@gmail.com","9960073382","Teacher",1832480.00,"2018-04-01","Inactive",100100000114,"Current Account",821622.00,"Active",True,"2024-04-07","SBI Noida Branch 28","Noida","Uttar Pradesh","Permanent","Jaipur","Rajasthan","496423"
116,"Riya Sinha","F",40,"riya.sinha116@yahoo.com","9648715007","Software Engineer",568202.00,"2015-11-09","Active",100100000115,"Salary Account",196548.00,"Active",True,"2023-04-02","SBI Noida Branch 47","Noida","Uttar Pradesh","Permanent","Pune","Maharashtra","674155"
117,"Priya Patel","F",40,"priya.patel117@yahoo.com","9110154745","Farmer",3059069.00,"2015-08-13","Active",100100000116,"NRI Savings Account",241627.00,"Active",True,"2020-05-01","SBI Chennai Branch 40","Chennai","Tamil Nadu","Permanent","Chennai","Tamil Nadu","566187"
118,"Sneha Singh","F",36,"sneha.singh118@gmail.com","9680692166","Doctor",3972272.00,"2019-02-03","Blocked",100100000117,"Savings Account",324754.00,"Active",True,"2019-02-10","SBI Bengaluru Branch 15","Bengaluru","Karnataka","Permanent","Jaipur","Rajasthan","355867"
119,"Meena Yadav","F",65,"meena.yadav119@yahoo.com","9185922766","Bank Manager",2248120.00,"2021-07-17","Active",100100000118,"Salary Account",218923.00,"Active",False,"2020-05-11","SBI Pune Branch 11","Pune","Maharashtra","Permanent","Bengaluru","Karnataka","733052"
120,"Nidhi Agarwal","F",68,"nidhi.agarwal120@yahoo.com","9880334562","Nurse",433469.00,"2016-04-02","Active",100100000119,"Savings Account",63030.00,"Frozen",True,"2017-12-24","SBI Kolkata Branch 42","Kolkata","West Bengal","Permanent","Bengaluru","Karnataka","150583"
121,"Manish Agarwal","M",23,"manish.agarwal121@yahoo.com","9135789488","Civil Engineer",3187291.00,"2020-01-13","Blocked",100100000120,"Savings Account",403512.00,"Frozen",True,"2026-11-28","SBI Indore Branch 27","Indore","Madhya Pradesh","Permanent","Chennai","Tamil Nadu","797062"
122,"Ritu Pandey","F",57,"ritu.pandey122@outlook.com","9958802525","Nurse",427217.00,"2018-02-27","Active",100100000121,"Student Account",416983.00,"Active",False,"2025-12-19","SBI Lucknow Branch 19","Lucknow","Uttar Pradesh","Permanent","Lucknow","Uttar Pradesh","155037"
123,"Neha Patel","F",34,"neha.patel123@yahoo.com","9478161599","Doctor",4454143.00,"2022-08-25","Active",100100000122,"Senior Citizen Savings Account",219634.00,"Frozen",True,"2024-08-05","SBI Surat Branch 29","Surat","Gujarat","Permanent","Delhi","Delhi","254907"
124,"Asha Sinha","F",61,"asha.sinha124@gmail.com","9393281253","Data Analyst",2729037.00,"2024-04-07","Inactive",100100000123,"Student Account",280239.00,"Active",True,"2017-10-05","SBI Lucknow Branch 12","Lucknow","Uttar Pradesh","Permanent","Bengaluru","Karnataka","154417"
125,"Vivek Kumar","M",59,"vivek.kumar125@outlook.com","9923734149","Nurse",4453137.00,"2017-03-24","Active",100100000124,"Salary Account",366487.00,"Active",True,"2019-03-24","SBI Bhopal Branch 39","Bhopal","Madhya Pradesh","Permanent","Chennai","Tamil Nadu","486435"
126,"Rahul Kumar","M",48,"rahul.kumar126@yahoo.com","9542928251","Nurse",3719283.00,"2024-01-15","Blocked",100100000125,"Current Account",778681.00,"Active",False,"2018-07-01","SBI Chennai Branch 40","Chennai","Tamil Nadu","Permanent","Delhi","Delhi","148457"
127,"Anjali Verma","F",34,"anjali.verma127@outlook.com","9692983368","Doctor",3726248.00,"2023-11-17","Inactive",100100000126,"Salary Account",412302.00,"Dormant",True,"2023-02-14","SBI Ahmedabad Branch 24","Ahmedabad","Gujarat","Permanent","Hyderabad","Telangana","268265"
128,"Riya Mishra","F",22,"riya.mishra128@outlook.com","9598657663","Nurse",3647622.00,"2017-02-17","Active",100100000127,"Current Account",1862956.00,"Frozen",True,"2016-07-05","SBI Lucknow Branch 19","Lucknow","Uttar Pradesh","Permanent","Mumbai","Maharashtra","250390"
129,"Priya Gupta","F",29,"priya.gupta129@gmail.com","9029146267","Student",420051.00,"2015-07-23","Inactive",100100000128,"NRI Savings Account",323716.00,"Frozen",True,"2024-09-07","SBI Noida Branch 47","Noida","Uttar Pradesh","Permanent","Chennai","Tamil Nadu","541569"
130,"Pooja Pandey","F",51,"pooja.pandey130@yahoo.com","9335462266","Business Owner",2403577.00,"2015-05-11","Active",100100000129,"Salary Account",376102.00,"Active",False,"2023-12-12","SBI Noida Branch 47","Noida","Uttar Pradesh","Permanent","Hyderabad","Telangana","140374"
131,"Divya Yadav","F",24,"divya.yadav131@yahoo.com","9534054105","Lawyer",3634540.00,"2018-04-20","Active",100100000130,"Student Account",184574.00,"Active",False,"2022-02-09","SBI Bhopal Branch 37","Bhopal","Madhya Pradesh","Permanent","Bengaluru","Karnataka","157223"
132,"Karan Chauhan","M",27,"karan.chauhan132@outlook.com","9002706435","Business Owner",1634008.00,"2018-05-17","Blocked",100100000131,"Recurring Deposit Account",294102.00,"Active",True,"2026-10-13","SBI Surat Branch 44","Surat","Gujarat","Permanent","Delhi","Delhi","297944"
133,"Priya Patel","F",35,"priya.patel133@gmail.com","9667209569","Data Analyst",2896047.00,"2017-05-14","Active",100100000132,"NRI Savings Account",313241.00,"Active",True,"2024-03-06","SBI Nagpur Branch 34","Nagpur","Maharashtra","Permanent","Lucknow","Uttar Pradesh","748207"
134,"Nitin Sharma","M",49,"nitin.sharma134@yahoo.com","9779377207","Sales Executive",4747103.00,"2020-04-15","Inactive",100100000133,"Savings Account",379450.00,"Active",False,"2016-04-05","SBI Bengaluru Branch 50","Bengaluru","Karnataka","Permanent","Bengaluru","Karnataka","432142"
135,"Shreya Chauhan","F",23,"shreya.chauhan135@outlook.com","9153056351","Accountant",1872932.00,"2015-10-22","Active",100100000134,"Fixed Deposit Account",744249.00,"Active",True,"2024-01-17","SBI Gurugram Branch 36","Gurugram","Haryana","Permanent","Mumbai","Maharashtra","477648"
136,"Priya Sharma","F",51,"priya.sharma136@outlook.com","9694602531","Farmer",2952913.00,"2024-11-11","Active",100100000135,"Savings Account",317166.00,"Dormant",True,"2016-04-26","SBI Bhopal Branch 37","Bhopal","Madhya Pradesh","Permanent","Pune","Maharashtra","663243"
137,"Priya Pandey","F",39,"priya.pandey137@gmail.com","9324238979","Teacher",3374611.00,"2018-11-12","Active",100100000136,"Fixed Deposit Account",636976.00,"Active",True,"2025-04-06","SBI Bengaluru Branch 50","Bengaluru","Karnataka","Permanent","Chennai","Tamil Nadu","348628"
138,"Sakshi Chauhan","F",26,"sakshi.chauhan138@gmail.com","9569122330","Civil Engineer",4313265.00,"2020-10-10","Active",100100000137,"Fixed Deposit Account",485715.00,"Active",False,"2017-05-05","SBI Pune Branch 8","Pune","Maharashtra","Permanent","Lucknow","Uttar Pradesh","619772"
139,"Neha Pandey","F",23,"neha.pandey139@yahoo.com","9198015796","Bank Manager",1702020.00,"2015-09-21","Active",100100000138,"Savings Account",279240.00,"Active",False,"2017-08-05","SBI Lucknow Branch 19","Lucknow","Uttar Pradesh","Permanent","Mumbai","Maharashtra","489442"
140,"Arjun Sinha","M",27,"arjun.sinha140@yahoo.com","9427553020","Student",3018950.00,"2018-06-12","Active",100100000139,"Savings Account",456544.00,"Active",True,"2026-05-21","SBI Bengaluru Branch 16","Bengaluru","Karnataka","Permanent","Chennai","Tamil Nadu","232347"
141,"Rohit Patel","M",28,"rohit.patel141@gmail.com","9612876582","Designer",3613489.00,"2020-05-07","Active",100100000140,"Savings Account",326856.00,"Dormant",True,"2017-05-13","SBI Chennai Branch 21","Chennai","Tamil Nadu","Permanent","Chennai","Tamil Nadu","470909"
142,"Rahul Sinha","M",31,"rahul.sinha142@gmail.com","9501709758","Sales Executive",2555898.00,"2019-09-15","Active",100100000141,"Salary Account",39721.00,"Active",True,"2016-11-10","SBI Pune Branch 43","Pune","Maharashtra","Permanent","Hyderabad","Telangana","473969"
143,"Rohit Mishra","M",50,"rohit.mishra143@outlook.com","9267880895","Software Engineer",2090253.00,"2017-12-24","Active",100100000142,"Student Account",83822.00,"Frozen",True,"2020-04-04","SBI Bhopal Branch 37","Bhopal","Madhya Pradesh","Permanent","Jaipur","Rajasthan","214483"
144,"Rahul Mishra","M",33,"rahul.mishra144@gmail.com","9214139039","Designer",4264398.00,"2024-01-18","Active",100100000143,"NRI Savings Account",291093.00,"Active",False,"2022-12-12","SBI Surat Branch 6","Surat","Gujarat","Permanent","Jaipur","Rajasthan","387041"
145,"Nidhi Nair","F",52,"nidhi.nair145@gmail.com","9440227736","Designer",3955594.00,"2022-11-13","Active",100100000144,"Senior Citizen Savings Account",124817.00,"Active",False,"2026-01-23","SBI Noida Branch 2","Noida","Uttar Pradesh","Permanent","Jaipur","Rajasthan","483395"
146,"Manish Agarwal","M",64,"manish.agarwal146@yahoo.com","9608034214","Bank Manager",3312212.00,"2022-07-05","Active",100100000145,"NRI Savings Account",369278.00,"Active",True,"2016-06-16","SBI Bengaluru Branch 7","Bengaluru","Karnataka","Permanent","Lucknow","Uttar Pradesh","402376"
147,"Nitin Jain","M",54,"nitin.jain147@gmail.com","9243142599","Teacher",4739083.00,"2020-08-06","Active",100100000146,"Student Account",458700.00,"Active",True,"2022-02-14","SBI Kochi Branch 46","Kochi","Kerala","Permanent","Bengaluru","Karnataka","467674"
148,"Harsh Sharma","M",59,"harsh.sharma148@outlook.com","9593657983","Student",3876315.00,"2016-05-13","Inactive",100100000147,"NRI Savings Account",87634.00,"Active",True,"2020-06-01","SBI Lucknow Branch 12","Lucknow","Uttar Pradesh","Permanent","Hyderabad","Telangana","138142"
149,"Anjali Mishra","F",54,"anjali.mishra149@gmail.com","9078813029","Teacher",1211066.00,"2023-01-27","Inactive",100100000148,"Student Account",228643.00,"Active",False,"2019-10-02","SBI Bengaluru Branch 7","Bengaluru","Karnataka","Permanent","Bengaluru","Karnataka","337974"
150,"Ankit Verma","M",24,"ankit.verma150@gmail.com","9496898431","Farmer",376164.00,"2017-01-07","Active",100100000149,"Salary Account",74986.00,"Active",False,"2019-12-28","SBI Chennai Branch 40","Chennai","Tamil Nadu","Permanent","Delhi","Delhi","320842"
151,"Pooja Patel","F",57,"pooja.patel151@yahoo.com","9909930699","Farmer",1528041.00,"2017-05-09","Active",100100000150,"Fixed Deposit Account",110230.00,"Active",False,"2022-02-12","SBI Gurugram Branch 49","Gurugram","Haryana","Permanent","Hyderabad","Telangana","419378"
152,"Mohit Mishra","M",54,"mohit.mishra152@gmail.com","9552726742","Farmer",3519372.00,"2015-11-02","Active",100100000151,"Savings Account",369182.00,"Active",True,"2023-04-20","SBI Gurugram Branch 49","Gurugram","Haryana","Permanent","Pune","Maharashtra","144169"
153,"Mohit Sinha","M",46,"mohit.sinha153@outlook.com","9878629571","Designer",4677551.00,"2018-11-27","Inactive",100100000152,"Student Account",402464.00,"Active",True,"2024-08-04","SBI Nagpur Branch 31","Nagpur","Maharashtra","Permanent","Mumbai","Maharashtra","508744"
154,"Vikas Sharma","M",47,"vikas.sharma154@yahoo.com","9134938010","Farmer",2262893.00,"2018-05-09","Inactive",100100000153,"Savings Account",206754.00,"Active",True,"2020-12-18","SBI Noida Branch 32","Noida","Uttar Pradesh","Permanent","Mumbai","Maharashtra","388840"
155,"Manish Pandey","M",43,"manish.pandey155@outlook.com","9558848165","Bank Manager",1417335.00,"2019-04-01","Inactive",100100000154,"Fixed Deposit Account",274612.00,"Dormant",True,"2022-12-10","SBI Pune Branch 11","Pune","Maharashtra","Permanent","Bengaluru","Karnataka","657912"
156,"Shreya Yadav","F",20,"shreya.yadav156@yahoo.com","9048195101","Data Analyst",4387864.00,"2024-12-09","Inactive",100100000155,"Recurring Deposit Account",334913.00,"Active",True,"2018-07-12","SBI Bhubaneswar Branch 22","Bhubaneswar","Odisha","Permanent","Jaipur","Rajasthan","527986"
157,"Meena Mishra","F",33,"meena.mishra157@gmail.com","9018716071","Accountant",2011205.00,"2018-06-01","Active",100100000156,"Savings Account",65040.00,"Active",True,"2023-08-19","SBI Bhubaneswar Branch 22","Bhubaneswar","Odisha","Permanent","Lucknow","Uttar Pradesh","349854"
158,"Suresh Verma","M",35,"suresh.verma158@yahoo.com","9853031802","Bank Manager",577666.00,"2021-08-21","Active",100100000157,"Senior Citizen Savings Account",478384.00,"Active",False,"2017-04-19","SBI Surat Branch 29","Surat","Gujarat","Permanent","Hyderabad","Telangana","498614"
159,"Kavita Singh","F",64,"kavita.singh159@outlook.com","9106379488","Business Owner",2755304.00,"2017-02-13","Active",100100000158,"Savings Account",16366.00,"Active",False,"2025-05-08","SBI Noida Branch 32","Noida","Uttar Pradesh","Permanent","Bengaluru","Karnataka","578394"
160,"Arjun Chauhan","M",63,"arjun.chauhan160@outlook.com","9318710464","Lawyer",4900845.00,"2023-10-05","Active",100100000159,"Salary Account",282533.00,"Active",True,"2021-03-09","SBI Bengaluru Branch 15","Bengaluru","Karnataka","Permanent","Hyderabad","Telangana","153562"
161,"Riya Singh","F",35,"riya.singh161@yahoo.com","9571945279","Business Owner",2818642.00,"2024-04-16","Active",100100000160,"Savings Account",68978.00,"Active",True,"2020-10-11","SBI Pune Branch 1","Pune","Maharashtra","Permanent","Mumbai","Maharashtra","509444"
162,"Asha Reddy","F",42,"asha.reddy162@gmail.com","9637710557","Civil Engineer",2564632.00,"2022-09-03","Inactive",100100000161,"Savings Account",411890.00,"Active",True,"2017-01-22","SBI Pune Branch 1","Pune","Maharashtra","Permanent","Pune","Maharashtra","780213"
163,"Anjali Gupta","F",50,"anjali.gupta163@yahoo.com","9252774857","Lawyer",892386.00,"2018-05-25","Active",100100000162,"Savings Account",427359.00,"Frozen",True,"2018-03-23","SBI Ahmedabad Branch 24","Ahmedabad","Gujarat","Permanent","Mumbai","Maharashtra","262978"
164,"Shreya Sinha","F",37,"shreya.sinha164@yahoo.com","9116317335","Civil Engineer",1490618.00,"2017-03-15","Active",100100000163,"Student Account",459171.00,"Active",True,"2024-04-13","SBI Indore Branch 27","Indore","Madhya Pradesh","Permanent","Jaipur","Rajasthan","245807"
165,"Riya Kumar","F",67,"riya.kumar165@gmail.com","9473077434","Nurse",3071465.00,"2015-02-25","Active",100100000164,"Recurring Deposit Account",261382.00,"Active",True,"2016-02-02","SBI Surat Branch 6","Surat","Gujarat","Permanent","Mumbai","Maharashtra","229585"
166,"Riya Singh","F",38,"riya.singh166@gmail.com","9414219455","Civil Engineer",1179356.00,"2018-02-08","Inactive",100100000165,"Fixed Deposit Account",711030.00,"Active",True,"2019-05-28","SBI Pune Branch 43","Pune","Maharashtra","Permanent","Lucknow","Uttar Pradesh","515196"
167,"Mohit Jain","M",21,"mohit.jain167@yahoo.com","9975337515","Teacher",2664460.00,"2021-04-06","Inactive",100100000166,"Fixed Deposit Account",82899.00,"Active",True,"2023-08-26","SBI Delhi Branch 14","Delhi","Delhi","Permanent","Bengaluru","Karnataka","505816"
168,"Meena Gupta","F",27,"meena.gupta168@yahoo.com","9535266451","Designer",3368902.00,"2017-11-28","Blocked",100100000167,"Senior Citizen Savings Account",248375.00,"Frozen",True,"2023-01-07","SBI Gurugram Branch 33","Gurugram","Haryana","Permanent","Pune","Maharashtra","462622"
169,"Rahul Pandey","M",30,"rahul.pandey169@gmail.com","9665005641","Business Owner",4487698.00,"2015-10-09","Active",100100000168,"Senior Citizen Savings Account",121750.00,"Active",True,"2024-09-16","SBI Hyderabad Branch 41","Hyderabad","Telangana","Permanent","Jaipur","Rajasthan","468437"
170,"Manish Verma","M",22,"manish.verma170@yahoo.com","9264071311","Software Engineer",347915.00,"2015-05-11","Active",100100000169,"Savings Account",76924.00,"Active",True,"2021-02-12","SBI Chennai Branch 40","Chennai","Tamil Nadu","Permanent","Delhi","Delhi","498626"
171,"Vikas Patel","M",32,"vikas.patel171@gmail.com","9349567368","Designer",4337900.00,"2019-08-25","Active",100100000170,"Student Account",219821.00,"Active",True,"2018-02-23","SBI Gurugram Branch 36","Gurugram","Haryana","Permanent","Bengaluru","Karnataka","301166"
172,"Komal Patel","F",58,"komal.patel172@gmail.com","9595945055","Teacher",2947147.00,"2021-02-09","Active",100100000171,"Salary Account",448951.00,"Active",True,"2020-09-17","SBI Kochi Branch 46","Kochi","Kerala","Permanent","Delhi","Delhi","697397"
173,"Shreya Reddy","F",51,"shreya.reddy173@yahoo.com","9701388316","Nurse",2374372.00,"2019-09-16","Inactive",100100000172,"NRI Savings Account",42238.00,"Active",True,"2025-10-19","SBI Hyderabad Branch 41","Hyderabad","Telangana","Permanent","Bengaluru","Karnataka","407988"
174,"Meena Verma","F",47,"meena.verma174@outlook.com","9864857541","Bank Manager",978470.00,"2017-06-12","Active",100100000173,"Savings Account",176377.00,"Active",True,"2020-11-22","SBI Chennai Branch 40","Chennai","Tamil Nadu","Permanent","Hyderabad","Telangana","456303"
175,"Pooja Jain","F",53,"pooja.jain175@gmail.com","9924700323","Doctor",4604498.00,"2020-11-27","Active",100100000174,"Fixed Deposit Account",146884.00,"Active",True,"2018-03-06","SBI Pune Branch 11","Pune","Maharashtra","Permanent","Bengaluru","Karnataka","610394"
176,"Rohit Sharma","M",66,"rohit.sharma176@yahoo.com","9366163570","Doctor",3284193.00,"2017-11-22","Blocked",100100000175,"Savings Account",414850.00,"Active",True,"2020-03-14","SBI Noida Branch 47","Noida","Uttar Pradesh","Permanent","Hyderabad","Telangana","516438"
177,"Riya Verma","F",27,"riya.verma177@outlook.com","9018361339","Farmer",2530462.00,"2025-09-27","Active",100100000176,"Salary Account",60569.00,"Active",True,"2024-01-16","SBI Bhubaneswar Branch 25","Bhubaneswar","Odisha","Permanent","Lucknow","Uttar Pradesh","171042"
178,"Arjun Kumar","M",58,"arjun.kumar178@outlook.com","9925450028","Software Engineer",3870520.00,"2023-08-05","Active",100100000177,"Savings Account",353883.00,"Active",True,"2024-08-20","SBI Lucknow Branch 12","Lucknow","Uttar Pradesh","Permanent","Hyderabad","Telangana","614395"
179,"Ritu Mishra","F",34,"ritu.mishra179@outlook.com","9012652546","Bank Manager",4797225.00,"2020-10-26","Blocked",100100000178,"Savings Account",12440.00,"Active",True,"2020-05-16","SBI Bengaluru Branch 16","Bengaluru","Karnataka","Permanent","Jaipur","Rajasthan","320289"
180,"Divya Mishra","F",43,"divya.mishra180@outlook.com","9176419038","Nurse",2623772.00,"2019-12-13","Active",100100000179,"Current Account",134580.00,"Active",True,"2020-05-02","SBI Chennai Branch 21","Chennai","Tamil Nadu","Permanent","Chennai","Tamil Nadu","262795"
181,"Arjun Singh","M",35,"arjun.singh181@outlook.com","9915412179","Civil Engineer",2742943.00,"2026-09-09","Active",100100000180,"Recurring Deposit Account",319538.00,"Active",True,"2026-06-08","SBI Bhopal Branch 39","Bhopal","Madhya Pradesh","Permanent","Chennai","Tamil Nadu","535871"
182,"Komal Gupta","F",47,"komal.gupta182@outlook.com","9332747830","Sales Executive",1144773.00,"2019-10-08","Active",100100000181,"Savings Account",310336.00,"Active",True,"2016-01-15","SBI Surat Branch 30","Surat","Gujarat","Permanent","Jaipur","Rajasthan","408701"
183,"Neha Nair","F",67,"neha.nair183@yahoo.com","9989276877","Student",1585013.00,"2023-05-11","Inactive",100100000182,"Savings Account",485260.00,"Frozen",False,"2020-05-05","SBI Hyderabad Branch 41","Hyderabad","Telangana","Permanent","Pune","Maharashtra","796559"
184,"Asha Singh","F",50,"asha.singh184@yahoo.com","9666492128","Doctor",4368192.00,"2022-01-16","Active",100100000183,"Savings Account",233937.00,"Active",True,"2021-02-07","SBI Surat Branch 29","Surat","Gujarat","Permanent","Jaipur","Rajasthan","476603"
185,"Rahul Kumar","M",43,"rahul.kumar185@gmail.com","9532489653","Electrician",716993.00,"2022-02-22","Active",100100000184,"Current Account",222566.00,"Frozen",True,"2022-11-28","SBI Surat Branch 4","Surat","Gujarat","Permanent","Lucknow","Uttar Pradesh","355556"
186,"Neha Gupta","F",26,"neha.gupta186@gmail.com","9185785871","Sales Executive",3965692.00,"2024-08-11","Active",100100000185,"Senior Citizen Savings Account",483493.00,"Dormant",False,"2025-02-17","SBI Bhopal Branch 35","Bhopal","Madhya Pradesh","Permanent","Lucknow","Uttar Pradesh","723456"
187,"Karan Chauhan","M",60,"karan.chauhan187@yahoo.com","9795590042","Business Owner",4883809.00,"2024-05-26","Active",100100000186,"Savings Account",71223.00,"Frozen",True,"2020-06-17","SBI Chandigarh Branch 5","Chandigarh","Chandigarh","Permanent","Chennai","Tamil Nadu","589681"
188,"Nitin Jain","M",63,"nitin.jain188@yahoo.com","9301357295","Electrician",3070534.00,"2025-12-14","Blocked",100100000187,"Recurring Deposit Account",51813.00,"Active",False,"2023-02-07","SBI Patna Branch 9","Patna","Bihar","Permanent","Pune","Maharashtra","499936"
189,"Rajesh Pandey","M",49,"rajesh.pandey189@outlook.com","9661643577","Electrician",2794448.00,"2026-09-19","Active",100100000188,"Fixed Deposit Account",900199.00,"Active",True,"2026-10-26","SBI Pune Branch 8","Pune","Maharashtra","Permanent","Pune","Maharashtra","200998"
190,"Divya Kumar","F",46,"divya.kumar190@yahoo.com","9951809657","Doctor",1498023.00,"2015-03-22","Active",100100000189,"Recurring Deposit Account",349244.00,"Frozen",False,"2022-08-13","SBI Noida Branch 47","Noida","Uttar Pradesh","Permanent","Jaipur","Rajasthan","609187"
191,"Asha Sharma","F",65,"asha.sharma191@gmail.com","9163338622","Sales Executive",4143890.00,"2025-01-03","Active",100100000190,"Current Account",489949.00,"Active",True,"2022-04-23","SBI Nagpur Branch 34","Nagpur","Maharashtra","Permanent","Pune","Maharashtra","774005"
192,"Deepak Reddy","M",27,"deepak.reddy192@gmail.com","9607250678","Accountant",4081943.00,"2015-12-25","Inactive",100100000191,"Salary Account",478821.00,"Active",False,"2019-09-25","SBI Bengaluru Branch 38","Bengaluru","Karnataka","Permanent","Pune","Maharashtra","621651"
193,"Vikas Verma","M",36,"vikas.verma193@outlook.com","9233014026","Teacher",821580.00,"2017-03-07","Inactive",100100000192,"Savings Account",370465.00,"Active",False,"2018-09-21","SBI Ahmedabad Branch 24","Ahmedabad","Gujarat","Permanent","Hyderabad","Telangana","596028"
194,"Harsh Agarwal","M",38,"harsh.agarwal194@gmail.com","9897729282","Data Analyst",3327157.00,"2018-05-19","Active",100100000193,"Student Account",93569.00,"Dormant",True,"2024-03-22","SBI Noida Branch 2","Noida","Uttar Pradesh","Permanent","Pune","Maharashtra","393397"
195,"Amit Agarwal","M",21,"amit.agarwal195@gmail.com","9940528357","Business Owner",2612861.00,"2026-10-06","Active",100100000194,"Savings Account",285819.00,"Dormant",False,"2018-06-17","SBI Surat Branch 3","Surat","Gujarat","Permanent","Jaipur","Rajasthan","532054"
196,"Manish Chauhan","M",31,"manish.chauhan196@yahoo.com","9302711820","Electrician",1179358.00,"2017-05-22","Inactive",100100000195,"Fixed Deposit Account",598322.00,"Active",True,"2022-01-23","SBI Pune Branch 11","Pune","Maharashtra","Permanent","Jaipur","Rajasthan","773243"
197,"Rajesh Yadav","M",37,"rajesh.yadav197@yahoo.com","9249762010","Student",2026238.00,"2021-03-27","Blocked",100100000196,"Senior Citizen Savings Account",259124.00,"Dormant",True,"2016-01-15","SBI Kochi Branch 46","Kochi","Kerala","Permanent","Chennai","Tamil Nadu","335711"
198,"Suresh Singh","M",21,"suresh.singh198@outlook.com","9636362610","Lawyer",3294600.00,"2017-11-21","Blocked",100100000197,"Recurring Deposit Account",195966.00,"Frozen",True,"2023-09-12","SBI Nagpur Branch 34","Nagpur","Maharashtra","Permanent","Mumbai","Maharashtra","756227"
199,"Sneha Agarwal","F",66,"sneha.agarwal199@outlook.com","9784974017","Software Engineer",2935332.00,"2015-07-11","Active",100100000198,"Senior Citizen Savings Account",203097.00,"Active",False,"2021-11-18","SBI Surat Branch 4","Surat","Gujarat","Permanent","Lucknow","Uttar Pradesh","673845"
200,"Harsh Mishra","M",34,"harsh.mishra200@gmail.com","9134981641","Civil Engineer",1769823.00,"2021-10-04","Inactive",100100000199,"Savings Account",277097.00,"Active",True,"2023-09-21","SBI Gurugram Branch 45","Gurugram","Haryana","Permanent","Chennai","Tamil Nadu","441636"
134,"Nitin Sharma","M",49,"nitin.sharma134@yahoo.com","9779377207","Sales Executive",4747103.00,"2020-04-15","Inactive",100100000200,"Salary Account",186074.00,"Active",True,"2017-06-27","SBI Pune Branch 43","Pune","Maharashtra","Permanent","Bengaluru","Karnataka","432142"
116,"Riya Sinha","F",40,"riya.sinha116@yahoo.com","9648715007","Software Engineer",568202.00,"2015-11-09","Active",100100000201,"Salary Account",102095.00,"Active",True,"2025-10-16","SBI Bengaluru Branch 7","Bengaluru","Karnataka","Permanent","Pune","Maharashtra","674155"
82,"Meena Gupta","F",50,"meena.gupta82@yahoo.com","9159731757","Bank Manager",3308474.00,"2022-07-11","Active",100100000202,"Recurring Deposit Account",76210.00,"Active",True,"2017-03-25","SBI Ahmedabad Branch 24","Ahmedabad","Gujarat","Permanent","Jaipur","Rajasthan","730399"
193,"Vikas Verma","M",36,"vikas.verma193@outlook.com","9233014026","Teacher",821580.00,"2017-03-07","Inactive",100100000203,"Salary Account",195584.00,"Active",False,"2023-07-20","SBI Noida Branch 32","Noida","Uttar Pradesh","Permanent","Hyderabad","Telangana","596028"
111,"Shreya Singh","F",21,"shreya.singh111@yahoo.com","9266658013","Bank Manager",4897785.00,"2016-05-21","Inactive",100100000204,"Savings Account",60092.00,"Active",True,"2019-04-28","SBI Bengaluru Branch 7","Bengaluru","Karnataka","Permanent","Hyderabad","Telangana","412414"
114,"Harsh Reddy","M",34,"harsh.reddy114@yahoo.com","9986226193","Doctor",4847775.00,"2018-05-22","Active",100100000205,"Current Account",1885478.00,"Active",True,"2019-12-24","SBI Chennai Branch 40","Chennai","Tamil Nadu","Permanent","Bengaluru","Karnataka","745182"
51,"Rohit Yadav","M",67,"rohit.yadav51@outlook.com","9418289281","Sales Executive",1935864.00,"2024-02-11","Blocked",100100000206,"Savings Account",287313.00,"Active",True,"2024-01-10","SBI Noida Branch 2","Noida","Uttar Pradesh","Permanent","Lucknow","Uttar Pradesh","394372"
185,"Rahul Kumar","M",43,"rahul.kumar185@gmail.com","9532489653","Electrician",716993.00,"2022-02-22","Active",100100000207,"Savings Account",474094.00,"Active",True,"2025-11-15","SBI Bhopal Branch 23","Bhopal","Madhya Pradesh","Permanent","Lucknow","Uttar Pradesh","355556"
178,"Arjun Kumar","M",58,"arjun.kumar178@outlook.com","9925450028","Software Engineer",3870520.00,"2023-08-05","Active",100100000208,"NRI Savings Account",18709.00,"Active",True,"2019-02-27","SBI Gurugram Branch 49","Gurugram","Haryana","Permanent","Hyderabad","Telangana","614395"
107,"Nitin Chauhan","M",24,"nitin.chauhan107@outlook.com","9806350368","Doctor",3381577.00,"2020-08-15","Active",100100000209,"Senior Citizen Savings Account",223984.00,"Active",True,"2022-06-13","SBI Bengaluru Branch 7","Bengaluru","Karnataka","Permanent","Delhi","Delhi","252081"
33,"Deepak Jain","M",50,"deepak.jain33@gmail.com","9653226624","Bank Manager",2976527.00,"2025-06-27","Active",100100000210,"Savings Account",230204.00,"Closed",False,"2022-02-27","SBI Pune Branch 43","Pune","Maharashtra","Permanent","Lucknow","Uttar Pradesh","403909"
42,"Pooja Gupta","F",44,"pooja.gupta42@gmail.com","9500338031","Bank Manager",3952366.00,"2026-08-14","Active",100100000211,"Current Account",1951166.00,"Active",False,"2016-09-26","SBI Chennai Branch 21","Chennai","Tamil Nadu","Permanent","Delhi","Delhi","662938"
163,"Anjali Gupta","F",50,"anjali.gupta163@yahoo.com","9252774857","Lawyer",892386.00,"2018-05-25","Active",100100000212,"Current Account",1287360.00,"Active",False,"2017-05-07","SBI Delhi Branch 14","Delhi","Delhi","Permanent","Mumbai","Maharashtra","262978"
176,"Rohit Sharma","M",66,"rohit.sharma176@yahoo.com","9366163570","Doctor",3284193.00,"2017-11-22","Blocked",100100000213,"Fixed Deposit Account",773438.00,"Active",False,"2016-12-10","SBI Lucknow Branch 19","Lucknow","Uttar Pradesh","Permanent","Hyderabad","Telangana","516438"
124,"Asha Sinha","F",61,"asha.sinha124@gmail.com","9393281253","Data Analyst",2729037.00,"2024-04-07","Inactive",100100000214,"Student Account",259493.00,"Active",True,"2017-02-28","SBI Gurugram Branch 45","Gurugram","Haryana","Permanent","Bengaluru","Karnataka","154417"
117,"Priya Patel","F",40,"priya.patel117@yahoo.com","9110154745","Farmer",3059069.00,"2015-08-13","Active",100100000215,"Senior Citizen Savings Account",252421.00,"Active",True,"2021-08-10","SBI Gurugram Branch 33","Gurugram","Haryana","Permanent","Chennai","Tamil Nadu","566187"
78,"Sneha Verma","F",64,"sneha.verma78@gmail.com","9526218157","Teacher",1763946.00,"2024-08-23","Active",100100000216,"Savings Account",80836.00,"Active",False,"2023-09-07","SBI Bengaluru Branch 15","Bengaluru","Karnataka","Permanent","Mumbai","Maharashtra","340058"
72,"Anjali Singh","F",25,"anjali.singh72@yahoo.com","9928588805","Civil Engineer",1532717.00,"2024-11-26","Active",100100000217,"Savings Account",86154.00,"Active",False,"2017-06-11","SBI Bengaluru Branch 38","Bengaluru","Karnataka","Permanent","Mumbai","Maharashtra","508750"
50,"Suresh Chauhan","M",26,"suresh.chauhan50@outlook.com","9729853117","Student",2222172.00,"2022-04-14","Active",100100000218,"Recurring Deposit Account",442099.00,"Active",True,"2021-10-22","SBI Lucknow Branch 19","Lucknow","Uttar Pradesh","Permanent","Hyderabad","Telangana","659378"
47,"Priya Sharma","F",55,"priya.sharma47@gmail.com","9755475251","Lawyer",249095.00,"2021-02-17","Active",100100000219,"NRI Savings Account",111634.00,"Active",True,"2020-02-15","SBI Chandigarh Branch 5","Chandigarh","Chandigarh","Permanent","Chennai","Tamil Nadu","709447"
111,"Shreya Singh","F",21,"shreya.singh111@yahoo.com","9266658013","Bank Manager",4897785.00,"2016-05-21","Inactive",100100000220,"Senior Citizen Savings Account",277792.00,"Active",True,"2024-03-12","SBI Indore Branch 27","Indore","Madhya Pradesh","Permanent","Hyderabad","Telangana","412414"
30,"Vikas Gupta","M",52,"vikas.gupta30@outlook.com","9784902036","Civil Engineer",3497467.00,"2024-12-18","Active",100100000221,"Savings Account",499922.00,"Closed",False,"2020-04-21","SBI Noida Branch 2","Noida","Uttar Pradesh","Permanent","Lucknow","Uttar Pradesh","241617"
46,"Priya Mishra","F",42,"priya.mishra46@yahoo.com","9114746978","Bank Manager",1064480.00,"2026-03-20","Inactive",100100000222,"Salary Account",469971.00,"Active",True,"2024-04-28","SBI Indore Branch 27","Indore","Madhya Pradesh","Permanent","Jaipur","Rajasthan","445293"
197,"Rajesh Yadav","M",37,"rajesh.yadav197@yahoo.com","9249762010","Student",2026238.00,"2021-03-27","Blocked",100100000223,"Savings Account",139633.00,"Active",True,"2022-02-21","SBI Noida Branch 32","Noida","Uttar Pradesh","Permanent","Chennai","Tamil Nadu","335711"
61,"Sakshi Pandey","F",67,"sakshi.pandey61@yahoo.com","9823625264","Designer",1955300.00,"2026-02-15","Active",100100000224,"Savings Account",133151.00,"Active",True,"2024-01-28","SBI Nagpur Branch 34","Nagpur","Maharashtra","Permanent","Delhi","Delhi","338831"
200,"Harsh Mishra","M",34,"harsh.mishra200@gmail.com","9134981641","Civil Engineer",1769823.00,"2021-10-04","Inactive",100100000225,"Salary Account",182625.00,"Dormant",True,"2016-09-24","SBI Gurugram Branch 36","Gurugram","Haryana","Permanent","Chennai","Tamil Nadu","441636"
73,"Karan Yadav","M",25,"karan.yadav73@outlook.com","9376607878","Lawyer",2872972.00,"2016-09-11","Active",100100000226,"NRI Savings Account",258131.00,"Dormant",True,"2016-05-06","SBI Bhubaneswar Branch 22","Bhubaneswar","Odisha","Permanent","Hyderabad","Telangana","322905"
178,"Arjun Kumar","M",58,"arjun.kumar178@outlook.com","9925450028","Software Engineer",3870520.00,"2023-08-05","Active",100100000227,"Current Account",926604.00,"Active",True,"2016-07-10","SBI Kolkata Branch 42","Kolkata","West Bengal","Permanent","Hyderabad","Telangana","614395"
192,"Deepak Reddy","M",27,"deepak.reddy192@gmail.com","9607250678","Accountant",4081943.00,"2015-12-25","Inactive",100100000228,"Salary Account",496212.00,"Active",True,"2020-09-13","SBI Kolkata Branch 42","Kolkata","West Bengal","Permanent","Pune","Maharashtra","621651"
55,"Vikas Kumar","M",21,"vikas.kumar55@gmail.com","9936375048","Accountant",2323124.00,"2015-08-22","Active",100100000229,"Savings Account",170049.00,"Active",True,"2019-05-06","SBI Patna Branch 17","Patna","Bihar","Permanent","Chennai","Tamil Nadu","756683"
167,"Mohit Jain","M",21,"mohit.jain167@yahoo.com","9975337515","Teacher",2664460.00,"2021-04-06","Inactive",100100000230,"Recurring Deposit Account",286060.00,"Active",True,"2019-11-15","SBI Bengaluru Branch 7","Bengaluru","Karnataka","Permanent","Bengaluru","Karnataka","505816"
146,"Manish Agarwal","M",64,"manish.agarwal146@yahoo.com","9608034214","Bank Manager",3312212.00,"2022-07-05","Active",100100000231,"Recurring Deposit Account",9781.00,"Active",False,"2019-04-20","SBI Hyderabad Branch 41","Hyderabad","Telangana","Permanent","Lucknow","Uttar Pradesh","402376"
106,"Arjun Nair","M",62,"arjun.nair106@gmail.com","9662104177","Software Engineer",3530031.00,"2025-01-26","Inactive",100100000232,"Student Account",497688.00,"Closed",False,"2020-11-27","SBI Hyderabad Branch 41","Hyderabad","Telangana","Permanent","Mumbai","Maharashtra","173447"
115,"Nidhi Agarwal","F",42,"nidhi.agarwal115@gmail.com","9960073382","Teacher",1832480.00,"2018-04-01","Inactive",100100000233,"Salary Account",399277.00,"Frozen",True,"2026-11-10","SBI Gurugram Branch 49","Gurugram","Haryana","Permanent","Jaipur","Rajasthan","496423"
5,"Amit Reddy","M",59,"amit.reddy5@yahoo.com","9090146252","Doctor",531404.00,"2016-10-23","Active",100100000234,"Savings Account",224143.00,"Closed",True,"2019-12-21","SBI Surat Branch 29","Surat","Gujarat","Permanent","Chennai","Tamil Nadu","235760"
198,"Suresh Singh","M",21,"suresh.singh198@outlook.com","9636362610","Lawyer",3294600.00,"2017-11-21","Blocked",100100000235,"NRI Savings Account",8195.00,"Active",False,"2017-08-27","SBI Bengaluru Branch 38","Bengaluru","Karnataka","Permanent","Mumbai","Maharashtra","756227"
196,"Manish Chauhan","M",31,"manish.chauhan196@yahoo.com","9302711820","Electrician",1179358.00,"2017-05-22","Inactive",100100000236,"Fixed Deposit Account",464132.00,"Active",False,"2022-10-07","SBI Bhubaneswar Branch 22","Bhubaneswar","Odisha","Permanent","Jaipur","Rajasthan","773243"
77,"Anjali Mishra","F",30,"anjali.mishra77@outlook.com","9425307851","Bank Manager",4989030.00,"2024-06-05","Active",100100000237,"Savings Account",422952.00,"Active",False,"2022-03-21","SBI Kochi Branch 46","Kochi","Kerala","Permanent","Mumbai","Maharashtra","441611"
113,"Manish Yadav","M",24,"manish.yadav113@outlook.com","9707053798","Bank Manager",4686497.00,"2018-12-01","Active",100100000238,"Senior Citizen Savings Account",390407.00,"Active",False,"2021-07-25","SBI Surat Branch 6","Surat","Gujarat","Permanent","Jaipur","Rajasthan","463485"
18,"Vivek Verma","M",62,"vivek.verma18@outlook.com","9994025519","Farmer",2019662.00,"2024-05-04","Blocked",100100000239,"NRI Savings Account",345304.00,"Active",True,"2016-07-10","SBI Bengaluru Branch 7","Bengaluru","Karnataka","Permanent","Pune","Maharashtra","280350"
3,"Amit Kumar","M",41,"amit.kumar3@gmail.com","9069851083","Designer",4301041.00,"2016-10-02","Inactive",100100000240,"Savings Account",437669.00,"Active",True,"2024-09-12","SBI Bhubaneswar Branch 25","Bhubaneswar","Odisha","Permanent","Pune","Maharashtra","370456"
95,"Rahul Kumar","M",28,"rahul.kumar95@yahoo.com","9884414177","Doctor",3564903.00,"2023-09-26","Active",100100000241,"Savings Account",64983.00,"Active",True,"2021-12-23","SBI Delhi Branch 13","Delhi","Delhi","Permanent","Jaipur","Rajasthan","580824"
193,"Vikas Verma","M",36,"vikas.verma193@outlook.com","9233014026","Teacher",821580.00,"2017-03-07","Inactive",100100000242,"Student Account",206923.00,"Active",False,"2017-06-09","SBI Surat Branch 6","Surat","Gujarat","Permanent","Hyderabad","Telangana","596028"
77,"Anjali Mishra","F",30,"anjali.mishra77@outlook.com","9425307851","Bank Manager",4989030.00,"2024-06-05","Active",100100000243,"Savings Account",245314.00,"Active",True,"2017-04-20","SBI Kolkata Branch 42","Kolkata","West Bengal","Permanent","Mumbai","Maharashtra","441611"
183,"Neha Nair","F",67,"neha.nair183@yahoo.com","9989276877","Student",1585013.00,"2023-05-11","Inactive",100100000244,"Savings Account",53967.00,"Closed",False,"2019-08-17","SBI Bhubaneswar Branch 22","Bhubaneswar","Odisha","Permanent","Pune","Maharashtra","796559"
69,"Ritu Pandey","F",38,"ritu.pandey69@yahoo.com","9244132827","Teacher",3147316.00,"2024-12-18","Active",100100000245,"Savings Account",339657.00,"Active",True,"2022-05-23","SBI Bengaluru Branch 7","Bengaluru","Karnataka","Permanent","Bengaluru","Karnataka","352511"
137,"Priya Pandey","F",39,"priya.pandey137@gmail.com","9324238979","Teacher",3374611.00,"2018-11-12","Active",100100000246,"NRI Savings Account",305406.00,"Active",True,"2026-12-28","SBI Chennai Branch 21","Chennai","Tamil Nadu","Permanent","Chennai","Tamil Nadu","348628"
138,"Sakshi Chauhan","F",26,"sakshi.chauhan138@gmail.com","9569122330","Civil Engineer",4313265.00,"2020-10-10","Active",100100000247,"Student Account",450048.00,"Active",True,"2018-04-26","SBI Chennai Branch 21","Chennai","Tamil Nadu","Permanent","Lucknow","Uttar Pradesh","619772"
191,"Asha Sharma","F",65,"asha.sharma191@gmail.com","9163338622","Sales Executive",4143890.00,"2025-01-03","Active",100100000248,"Student Account",175011.00,"Active",True,"2026-05-12","SBI Bengaluru Branch 15","Bengaluru","Karnataka","Permanent","Pune","Maharashtra","774005"
92,"Ritu Chauhan","F",32,"ritu.chauhan92@yahoo.com","9619515829","Lawyer",839528.00,"2021-01-05","Active",100100000249,"NRI Savings Account",246961.00,"Active",True,"2018-03-19","SBI Pune Branch 43","Pune","Maharashtra","Permanent","Chennai","Tamil Nadu","307828"
75,"Neha Chauhan","F",60,"neha.chauhan75@yahoo.com","9629375372","Designer",252750.00,"2018-09-08","Active",100100000250,"Recurring Deposit Account",83196.00,"Frozen",False,"2016-04-28","SBI Bengaluru Branch 7","Bengaluru","Karnataka","Permanent","Bengaluru","Karnataka","463011"
50,"Suresh Chauhan","M",26,"suresh.chauhan50@outlook.com","9729853117","Student",2222172.00,"2022-04-14","Active",100100000251,"Fixed Deposit Account",178045.00,"Active",False,"2018-11-23","SBI Surat Branch 30","Surat","Gujarat","Permanent","Hyderabad","Telangana","659378"
143,"Rohit Mishra","M",50,"rohit.mishra143@outlook.com","9267880895","Software Engineer",2090253.00,"2017-12-24","Active",100100000252,"Recurring Deposit Account",118418.00,"Frozen",True,"2021-06-14","SBI Gurugram Branch 49","Gurugram","Haryana","Permanent","Jaipur","Rajasthan","214483"
161,"Riya Singh","F",35,"riya.singh161@yahoo.com","9571945279","Business Owner",2818642.00,"2024-04-16","Active",100100000253,"Senior Citizen Savings Account",227276.00,"Active",True,"2024-09-12","SBI Chennai Branch 40","Chennai","Tamil Nadu","Permanent","Mumbai","Maharashtra","509444"
189,"Rajesh Pandey","M",49,"rajesh.pandey189@outlook.com","9661643577","Electrician",2794448.00,"2026-09-19","Active",100100000254,"Fixed Deposit Account",635114.00,"Active",True,"2020-04-02","SBI Kolkata Branch 42","Kolkata","West Bengal","Permanent","Pune","Maharashtra","200998"
182,"Komal Gupta","F",47,"komal.gupta182@outlook.com","9332747830","Sales Executive",1144773.00,"2019-10-08","Active",100100000255,"Salary Account",199894.00,"Active",True,"2018-07-11","SBI Noida Branch 18","Noida","Uttar Pradesh","Permanent","Jaipur","Rajasthan","408701"
136,"Priya Sharma","F",51,"priya.sharma136@outlook.com","9694602531","Farmer",2952913.00,"2024-11-11","Active",100100000256,"Student Account",353419.00,"Active",True,"2021-09-03","SBI Surat Branch 3","Surat","Gujarat","Permanent","Pune","Maharashtra","663243"
194,"Harsh Agarwal","M",38,"harsh.agarwal194@gmail.com","9897729282","Data Analyst",3327157.00,"2018-05-19","Active",100100000257,"Current Account",1853620.00,"Active",True,"2020-04-15","SBI Delhi Branch 14","Delhi","Delhi","Permanent","Pune","Maharashtra","393397"
131,"Divya Yadav","F",24,"divya.yadav131@yahoo.com","9534054105","Lawyer",3634540.00,"2018-04-20","Active",100100000258,"Savings Account",362157.00,"Active",True,"2017-06-23","SBI Surat Branch 3","Surat","Gujarat","Permanent","Bengaluru","Karnataka","157223"
47,"Priya Sharma","F",55,"priya.sharma47@gmail.com","9755475251","Lawyer",249095.00,"2021-02-17","Active",100100000259,"Savings Account",317536.00,"Active",False,"2022-04-14","SBI Bengaluru Branch 15","Bengaluru","Karnataka","Permanent","Chennai","Tamil Nadu","709447"
179,"Ritu Mishra","F",34,"ritu.mishra179@outlook.com","9012652546","Bank Manager",4797225.00,"2020-10-26","Blocked",100100000260,"Savings Account",224378.00,"Active",True,"2024-01-03","SBI Bengaluru Branch 16","Bengaluru","Karnataka","Permanent","Jaipur","Rajasthan","320289"
55,"Vikas Kumar","M",21,"vikas.kumar55@gmail.com","9936375048","Accountant",2323124.00,"2015-08-22","Active",100100000261,"Salary Account",243521.00,"Active",True,"2016-10-11","SBI Gurugram Branch 33","Gurugram","Haryana","Permanent","Chennai","Tamil Nadu","756683"
51,"Rohit Yadav","M",67,"rohit.yadav51@outlook.com","9418289281","Sales Executive",1935864.00,"2024-02-11","Blocked",100100000262,"Current Account",727547.00,"Active",True,"2023-07-28","SBI Surat Branch 3","Surat","Gujarat","Permanent","Lucknow","Uttar Pradesh","394372"
171,"Vikas Patel","M",32,"vikas.patel171@gmail.com","9349567368","Designer",4337900.00,"2019-08-25","Active",100100000263,"Salary Account",75400.00,"Active",False,"2023-05-17","SBI Bengaluru Branch 16","Bengaluru","Karnataka","Permanent","Bengaluru","Karnataka","301166"
94,"Shreya Mishra","F",27,"shreya.mishra94@yahoo.com","9212943801","Sales Executive",2268606.00,"2017-12-07","Inactive",100100000264,"Savings Account",168033.00,"Active",True,"2026-12-13","SBI Hyderabad Branch 41","Hyderabad","Telangana","Permanent","Pune","Maharashtra","775294"
191,"Asha Sharma","F",65,"asha.sharma191@gmail.com","9163338622","Sales Executive",4143890.00,"2025-01-03","Active",100100000265,"Current Account",1525632.00,"Closed",False,"2017-09-16","SBI Pune Branch 8","Pune","Maharashtra","Permanent","Pune","Maharashtra","774005"
188,"Nitin Jain","M",63,"nitin.jain188@yahoo.com","9301357295","Electrician",3070534.00,"2025-12-14","Blocked",100100000266,"Current Account",779813.00,"Active",False,"2020-08-05","SBI Nagpur Branch 31","Nagpur","Maharashtra","Permanent","Pune","Maharashtra","499936"
42,"Pooja Gupta","F",44,"pooja.gupta42@gmail.com","9500338031","Bank Manager",3952366.00,"2026-08-14","Active",100100000267,"Current Account",340928.00,"Active",True,"2019-05-01","SBI Bengaluru Branch 38","Bengaluru","Karnataka","Permanent","Delhi","Delhi","662938"
102,"Asha Sinha","F",29,"asha.sinha102@outlook.com","9886329513","Lawyer",4965933.00,"2023-05-11","Blocked",100100000268,"Fixed Deposit Account",145182.00,"Frozen",True,"2019-01-05","SBI Chennai Branch 21","Chennai","Tamil Nadu","Permanent","Hyderabad","Telangana","154882"
54,"Meena Singh","F",46,"meena.singh54@gmail.com","9993317934","Data Analyst",4729343.00,"2022-01-06","Active",100100000269,"Fixed Deposit Account",141131.00,"Active",True,"2018-05-16","SBI Bhopal Branch 23","Bhopal","Madhya Pradesh","Permanent","Lucknow","Uttar Pradesh","210326"
149,"Anjali Mishra","F",54,"anjali.mishra149@gmail.com","9078813029","Teacher",1211066.00,"2023-01-27","Inactive",100100000270,"Student Account",451257.00,"Active",False,"2025-12-05","SBI Kolkata Branch 42","Kolkata","West Bengal","Permanent","Bengaluru","Karnataka","337974"
170,"Manish Verma","M",22,"manish.verma170@yahoo.com","9264071311","Software Engineer",347915.00,"2015-05-11","Active",100100000271,"Current Account",1156724.00,"Frozen",True,"2018-02-04","SBI Bhopal Branch 23","Bhopal","Madhya Pradesh","Permanent","Delhi","Delhi","498626"
156,"Shreya Yadav","F",20,"shreya.yadav156@yahoo.com","9048195101","Data Analyst",4387864.00,"2024-12-09","Inactive",100100000272,"NRI Savings Account",229500.00,"Frozen",True,"2022-11-28","SBI Indore Branch 27","Indore","Madhya Pradesh","Permanent","Jaipur","Rajasthan","527986"
88,"Arjun Kumar","M",28,"arjun.kumar88@outlook.com","9122777287","Data Analyst",680881.00,"2026-04-13","Active",100100000273,"NRI Savings Account",408416.00,"Active",True,"2016-08-20","SBI Bengaluru Branch 50","Bengaluru","Karnataka","Permanent","Delhi","Delhi","120837"
94,"Shreya Mishra","F",27,"shreya.mishra94@yahoo.com","9212943801","Sales Executive",2268606.00,"2017-12-07","Inactive",100100000274,"Fixed Deposit Account",753607.00,"Active",True,"2017-06-18","SBI Delhi Branch 14","Delhi","Delhi","Permanent","Pune","Maharashtra","775294"
17,"Komal Patel","F",32,"komal.patel17@outlook.com","9718075219","Teacher",900561.00,"2015-02-18","Active",100100000275,"Savings Account",127450.00,"Active",True,"2016-10-10","SBI Surat Branch 44","Surat","Gujarat","Permanent","Hyderabad","Telangana","139318"
86,"Komal Verma","F",54,"komal.verma86@outlook.com","9354788781","Lawyer",3590137.00,"2015-01-10","Active",100100000276,"Savings Account",26309.00,"Active",False,"2026-12-24","SBI Chandigarh Branch 5","Chandigarh","Chandigarh","Permanent","Pune","Maharashtra","522115"
143,"Rohit Mishra","M",50,"rohit.mishra143@outlook.com","9267880895","Software Engineer",2090253.00,"2017-12-24","Active",100100000277,"NRI Savings Account",295365.00,"Active",False,"2022-02-25","SBI Patna Branch 9","Patna","Bihar","Permanent","Jaipur","Rajasthan","214483"
77,"Anjali Mishra","F",30,"anjali.mishra77@outlook.com","9425307851","Bank Manager",4989030.00,"2024-06-05","Active",100100000278,"NRI Savings Account",319796.00,"Active",True,"2024-10-16","SBI Gurugram Branch 33","Gurugram","Haryana","Permanent","Mumbai","Maharashtra","441611"
195,"Amit Agarwal","M",21,"amit.agarwal195@gmail.com","9940528357","Business Owner",2612861.00,"2026-10-06","Active",100100000279,"Current Account",1069159.00,"Active",True,"2016-10-22","SBI Patna Branch 17","Patna","Bihar","Permanent","Jaipur","Rajasthan","532054"
62,"Ritu Yadav","F",47,"ritu.yadav62@yahoo.com","9814931545","Data Analyst",3741950.00,"2016-12-11","Active",100100000280,"Recurring Deposit Account",408534.00,"Active",True,"2023-11-24","SBI Nagpur Branch 31","Nagpur","Maharashtra","Permanent","Mumbai","Maharashtra","296162"
185,"Rahul Kumar","M",43,"rahul.kumar185@gmail.com","9532489653","Electrician",716993.00,"2022-02-22","Active",100100000281,"Senior Citizen Savings Account",179840.00,"Closed",True,"2016-02-24","SBI Surat Branch 30","Surat","Gujarat","Permanent","Lucknow","Uttar Pradesh","355556"
87,"Rajesh Agarwal","M",55,"rajesh.agarwal87@outlook.com","9846252604","Lawyer",1082534.00,"2023-07-22","Inactive",100100000282,"Current Account",1373036.00,"Active",False,"2016-10-02","SBI Gurugram Branch 45","Gurugram","Haryana","Permanent","Mumbai","Maharashtra","477002"
133,"Priya Patel","F",35,"priya.patel133@gmail.com","9667209569","Data Analyst",2896047.00,"2017-05-14","Active",100100000283,"NRI Savings Account",299070.00,"Frozen",True,"2018-10-02","SBI Delhi Branch 13","Delhi","Delhi","Permanent","Lucknow","Uttar Pradesh","748207"
90,"Sakshi Jain","F",68,"sakshi.jain90@outlook.com","9541253787","Designer",3503173.00,"2016-11-02","Inactive",100100000284,"Savings Account",182912.00,"Active",True,"2021-07-14","SBI Patna Branch 17","Patna","Bihar","Permanent","Bengaluru","Karnataka","796972"
82,"Meena Gupta","F",50,"meena.gupta82@yahoo.com","9159731757","Bank Manager",3308474.00,"2022-07-11","Active",100100000285,"NRI Savings Account",286846.00,"Dormant",False,"2023-01-04","SBI Bhopal Branch 35","Bhopal","Madhya Pradesh","Permanent","Jaipur","Rajasthan","730399"
83,"Nitin Verma","M",40,"nitin.verma83@yahoo.com","9749269427","Student",1664680.00,"2019-07-16","Active",100100000286,"Salary Account",455243.00,"Active",True,"2020-07-04","SBI Chennai Branch 40","Chennai","Tamil Nadu","Permanent","Pune","Maharashtra","765258"
5,"Amit Reddy","M",59,"amit.reddy5@yahoo.com","9090146252","Doctor",531404.00,"2016-10-23","Active",100100000287,"Salary Account",126147.00,"Active",True,"2016-05-23","SBI Surat Branch 44","Surat","Gujarat","Permanent","Chennai","Tamil Nadu","235760"
51,"Rohit Yadav","M",67,"rohit.yadav51@outlook.com","9418289281","Sales Executive",1935864.00,"2024-02-11","Blocked",100100000288,"NRI Savings Account",217550.00,"Active",True,"2018-11-21","SBI Patna Branch 26","Patna","Bihar","Permanent","Lucknow","Uttar Pradesh","394372"
168,"Meena Gupta","F",27,"meena.gupta168@yahoo.com","9535266451","Designer",3368902.00,"2017-11-28","Blocked",100100000289,"Senior Citizen Savings Account",156347.00,"Active",True,"2020-02-06","SBI Gurugram Branch 48","Gurugram","Haryana","Permanent","Pune","Maharashtra","462622"
114,"Harsh Reddy","M",34,"harsh.reddy114@yahoo.com","9986226193","Doctor",4847775.00,"2018-05-22","Active",100100000290,"NRI Savings Account",332814.00,"Dormant",True,"2021-06-22","SBI Surat Branch 3","Surat","Gujarat","Permanent","Bengaluru","Karnataka","745182"
92,"Ritu Chauhan","F",32,"ritu.chauhan92@yahoo.com","9619515829","Lawyer",839528.00,"2021-01-05","Active",100100000291,"Savings Account",384008.00,"Dormant",True,"2018-08-14","SBI Chandigarh Branch 5","Chandigarh","Chandigarh","Permanent","Chennai","Tamil Nadu","307828"
90,"Sakshi Jain","F",68,"sakshi.jain90@outlook.com","9541253787","Designer",3503173.00,"2016-11-02","Inactive",100100000292,"Recurring Deposit Account",59220.00,"Dormant",True,"2026-12-13","SBI Bengaluru Branch 16","Bengaluru","Karnataka","Permanent","Bengaluru","Karnataka","796972"
167,"Mohit Jain","M",21,"mohit.jain167@yahoo.com","9975337515","Teacher",2664460.00,"2021-04-06","Inactive",100100000293,"Savings Account",39394.00,"Active",True,"2018-01-13","SBI Ahmedabad Branch 24","Ahmedabad","Gujarat","Permanent","Bengaluru","Karnataka","505816"
75,"Neha Chauhan","F",60,"neha.chauhan75@yahoo.com","9629375372","Designer",252750.00,"2018-09-08","Active",100100000294,"Recurring Deposit Account",288700.00,"Active",False,"2021-11-04","SBI Indore Branch 27","Indore","Madhya Pradesh","Permanent","Bengaluru","Karnataka","463011"
191,"Asha Sharma","F",65,"asha.sharma191@gmail.com","9163338622","Sales Executive",4143890.00,"2025-01-03","Active",100100000295,"Senior Citizen Savings Account",14234.00,"Active",True,"2021-07-13","SBI Gurugram Branch 36","Gurugram","Haryana","Permanent","Pune","Maharashtra","774005"
197,"Rajesh Yadav","M",37,"rajesh.yadav197@yahoo.com","9249762010","Student",2026238.00,"2021-03-27","Blocked",100100000296,"Recurring Deposit Account",238185.00,"Active",True,"2017-08-15","SBI Surat Branch 30","Surat","Gujarat","Permanent","Chennai","Tamil Nadu","335711"
120,"Nidhi Agarwal","F",68,"nidhi.agarwal120@yahoo.com","9880334562","Nurse",433469.00,"2016-04-02","Active",100100000297,"Salary Account",128363.00,"Active",True,"2020-06-06","SBI Kolkata Branch 42","Kolkata","West Bengal","Permanent","Bengaluru","Karnataka","150583"
106,"Arjun Nair","M",62,"arjun.nair106@gmail.com","9662104177","Software Engineer",3530031.00,"2025-01-26","Inactive",100100000298,"Savings Account",188681.00,"Active",True,"2022-11-05","SBI Noida Branch 47","Noida","Uttar Pradesh","Permanent","Mumbai","Maharashtra","173447"
145,"Nidhi Nair","F",52,"nidhi.nair145@gmail.com","9440227736","Designer",3955594.00,"2022-11-13","Active",100100000299,"Student Account",477800.00,"Active",True,"2020-03-08","SBI Surat Branch 10","Surat","Gujarat","Permanent","Jaipur","Rajasthan","483395"
